Name,Collection,Category,Color Name,Color ID,LRV,h,R,G,B,HEX
FSW9501,Form + Function,Whites,Oat Milk,SW9501,70,96.98,222,218,205,DEDACD
FSW9502,Form + Function,Whites,Arrowroote,SW9502,73,93.47,228,222,207,E4DECF
FSW9503,Form + Function,Whites,Cheviot,SW9503,89,92.75,246,242,232,F6F2E8
FSW9504,Form + Function,Whites,Cold Foam,SW9504,84,97.4,239,236,227,EFECE3
FSW9505,Form + Function,Whites,Frost Bite,SW9505,88,90.67,246,240,229,F6F0E5
FSW9506,Form + Function,Tints,Warm Winter,SW9506,70,91.58,225,217,198,E1D9C6
FSW9507,Form + Function,Tints,Cream and Sugar,SW9507,64,84.42,221,207,185,DDCFB9
FSW9508,Form + Function,Tints,Natural Wool,SW9508,59,87.86,215,201,174,D7C9AE
FSW9509,Form + Function,Tints,Steamed Chai,SW9509,67,88.12,224,212,189,E0D4BD
FSW9510,Form + Function,Tints,Peace of Mind,SW9510,49,88.35,196,185,163,C4B9A3
FSW9511,Form + Function,Natural Neutrals,Warm Oats,SW9511,63,92.48,216,207,186,D8CFBA
FSW9512,Form + Function,Natural Neutrals,Threaded Loom,SW9512,54,87.05,206,194,170,CEC2AA
FSW9513,Form + Function,Natural Neutrals,Sleepy Owlet,SW9513,39,87.16,181,167,141,B5A78D
FSW9514,Form + Function,Natural Neutrals,Zinc Luster,SW9514,23,87.08,140,131,115,8C8373
FSW9515,Form + Function,Natural Neutrals,Tungsten,SW9515,8,78.2,88,78,65,584E41
FSW9516,Form + Function,Natural Neutrals,Accolade,SW9516,62,91.71,213,206,191,D5CEBF
FSW9517,Form + Function,Natural Neutrals,Outrigger,SW9517,45,90.26,187,178,160,BBB2A0
FSW9518,Form + Function,Natural Neutrals,Featherstone,SW9518,29,93.84,153,145,124,99917C
FSW9519,Form + Function,Natural Neutrals,Country Tweed,SW9519,20,89.79,131,123,104,837B68
FSW9520,Form + Function,Natural Neutrals,Nocturne,SW9520,8,86.56,84,78,66,544E42
FSW9521,Form + Function,Natural Neutrals,Simple Stone,SW9521,57,95.39,205,199,183,CDC7B7
FSW9522,Form + Function,Natural Neutrals,Meander,SW9522,42,93.69,182,174,153,B6AE99
FSW9523,Form + Function,Natural Neutrals,Canal Street,SW9523,29,100.25,150,146,129,969281
FSW9524,Form + Function,Natural Neutrals,Crooked River,SW9524,18,106.29,121,120,105,797869
FSW9525,Form + Function,Natural Neutrals,Hidden Trail,SW9525,10,97.23,95,91,77,5F5B4D
FSW9526,Form + Function,Natural Neutrals,Woolen Mittens,SW9526,46,90.74,191,179,151,BFB397
FSW9527,Form + Function,Natural Neutrals,Worn Khaki,SW9527,34,92.16,166,156,129,A69C81
FSW9528,Form + Function,Natural Neutrals,Vintage,SW9528,23,89.4,144,132,104,908468
FSW9529,Form + Function,Natural Neutrals,Twig Basket,SW9529,16,84.72,125,110,82,7D6E52
FSW9530,Form + Function,Natural Neutrals,Momentum,SW9530,8,86.75,92,78,46,5C4E2E
FSW9531,Form + Function,Natural Neutrals,Stone Guardians,SW9531,50,88.82,202,186,151,CABA97
FSW9532,Form + Function,Natural Neutrals,Earthy Ochre,SW9532,43,89.62,190,174,136,BEAE88
FSW9533,Form + Function,Natural Neutrals,Rattan Palm,SW9533,28,87.61,158,142,108,9E8E6C
FSW9534,Form + Function,Natural Neutrals,River Reed,SW9534,25,87.45,148,135,110,94876E
FSW9535,Form + Function,Natural Neutrals,Nettle,SW9535,11,86.97,102,91,68,665B44
FSW9536,Form + Function,Natural Neutrals,Lamb's Wool,SW9536,48,79.66,202,181,152,CAB598
FSW9537,Form + Function,Natural Neutrals,Sugared Almond,SW9537,35,80.04,180,157,123,B49D7B
FSW9538,Form + Function,Natural Neutrals,Tangled Twine,SW9538,27,80.09,161,138,103,A18A67
FSW9539,Form + Function,Natural Neutrals,Shaker Peg,SW9539,19,78.03,141,117,83,8D7553
FSW9540,Form + Function,Natural Neutrals,Timber Beam,SW9540,13,76.01,121,96,64,796040
FSW9541,Minimal + Modern,Whites,White Snow,SW9541,90,101.83,245,244,238,F5F4EE
FSW9542,Minimal + Modern,Whites,Natural White,SW9542,83,101.52,236,235,232,ECEBE8
FSW9543,Minimal + Modern,Whites,Gypsum,SW9543,82,117.68,234,235,231,EAEBE7
FSW9544,Minimal + Modern,Whites,Dashing,SW9544,83,119.31,234,235,232,EAEBE8
FSW9545,Minimal + Modern,Whites,Ghosted,SW9545,75,98.86,226,224,220,E2E0DC
FSW9546,Minimal + Modern,Tints,Lunar Lite,SW9546,73,88.29,224,221,216,E0DDD8
FSW9547,Minimal + Modern,Tints,Vessel,SW9547,58,86.41,205,200,191,CDC8BF
FSW9548,Minimal + Modern,Tints,Sweater Weather,SW9548,60,108.26,204,204,197,CCCCC5
FSW9549,Minimal + Modern,Tints,Touch of Grey,SW9549,62,89.3,209,207,202,D1CFCA
FSW9550,Minimal + Modern,Tints,Mercurial,SW9550,61,82.83,209,204,198,D1CCC6
FSW9551,Minimal + Modern,Cool Neutrals,Skipping Rocks,SW9551,63,100.02,209,208,201,D1D0C9
FSW9552,Minimal + Modern,Cool Neutrals,Antimony,SW9552,57,111.19,199,200,193,C7C8C1
FSW9553,Minimal + Modern,Cool Neutrals,Allegory,SW9553,45,101.36,180,178,169,B4B2A9
FSW9554,Minimal + Modern,Cool Neutrals,Going Grey,SW9554,22,92,131,128,122,83807A
FSW9555,Minimal + Modern,Cool Neutrals,Storm Warning,SW9555,14,94.06,105,104,99,696863
FSW9556,Minimal + Modern,Cool Neutrals,Intrepid Grey,SW9556,76,143.24,224,226,224,E0E2E0
FSW9557,Minimal + Modern,Cool Neutrals,Autonomous,SW9557,57,132.41,198,199,197,C6C7C5
FSW9558,Minimal + Modern,Cool Neutrals,Castlegate,SW9558,37,206.08,160,165,165,A0A5A5
FSW9559,Minimal + Modern,Cool Neutrals,Scattered Showers,SW9559,22,240.56,123,130,133,7B8285
FSW9560,Minimal + Modern,Cool Neutrals,Night Out,SW9560,14,251.56,101,106,110,656A6E
FSW9561,Minimal + Modern,Cool Neutrals,Guild Grey,SW9561,63,103.38,210,209,203,D2D1CB
FSW9562,Minimal + Modern,Cool Neutrals,Fortitude,SW9562,56,97.59,198,197,193,C6C5C1
FSW9563,Minimal + Modern,Cool Neutrals,Bedrock,SW9563,34,104.9,158,157,153,9E9D99
FSW9564,Minimal + Modern,Cool Neutrals,Before the Storm,SW9564,18,246.17,116,119,122,74777A
FSW9565,Minimal + Modern,Cool Neutrals,Forged Steel,SW9565,10,118.76,91,91,89,5B5B59
FSW9566,Minimal + Modern,Cool Neutrals,Grey Heron,SW9566,65,91.48,214,210,202,D6D2CA
FSW9567,Minimal + Modern,Cool Neutrals,Viaduct,SW9567,50,88.18,193,187,176,C1BBB0
FSW9568,Minimal + Modern,Cool Neutrals,Smooth Stone,SW9568,37,88.53,168,162,152,A8A298
FSW9569,Minimal + Modern,Cool Neutrals,Alloy,SW9569,25,87.96,142,138,129,8E8A81
FSW9570,Minimal + Modern,Cool Neutrals,Ironclad,SW9570,11,82.05,97,92,85,615C55
FSW9571,Minimal + Modern,Cool Neutrals,Solstice,SW9571,69,98.72,219,217,210,DBD9D2
FSW9572,Minimal + Modern,Cool Neutrals,Warm Pewter,SW9572,42,71.21,180,173,166,B4ADA6
FSW9573,Minimal + Modern,Cool Neutrals,Hibernate,SW9573,38,81.36,172,166,159,ACA69F
FSW9574,Minimal + Modern,Cool Neutrals,Hulett Ore,SW9574,16,73.77,114,111,108,726F6C
FSW9575,Minimal + Modern,Cool Neutrals,Metropolis,SW9575,8,22.23,89,80,79,59504F
FSW9576,Minimal + Modern,Cool Neutrals,Whirlwind,SW9576,63,77.85,216,207,198,D8CFC6
FSW9577,Minimal + Modern,Cool Neutrals,Soft Suede,SW9577,57,81.27,208,198,184,D0C6B8
FSW9578,Minimal + Modern,Cool Neutrals,Restoration,SW9578,38,73.02,175,164,153,AFA499
FSW9579,Minimal + Modern,Cool Neutrals,Timeless Taupe,SW9579,24,66.21,144,131,121,908379
FSW9580,Minimal + Modern,Cool Neutrals,Cracked Pepper,SW9580,5,49.93,72,60,55,483C37
FSW9581,Warm + Welcoming,Whites,Cotton ,SW9581,83,96.93,238,235,225,EEEBE1
FSW9582,Warm + Welcoming,Whites,White Sand,SW9582,84,104.87,237,236,231,EDECE7
FSW9583,Warm + Welcoming,Whites,Sanctuary,SW9583,76,91.13,230,226,217,E6E2D9
FSW9584,Warm + Welcoming,Whites,Mortar,SW9584,74,91.98,227,223,213,E3DFD5
FSW9585,Warm + Welcoming,Whites,Sunbleached,SW9585,75,89.74,229,224,215,E5E0D7
FSW9586,Warm + Welcoming,Tints,White Sesame,SW9586,71,84.99,227,219,205,E3DBCD
FSW9587,Warm + Welcoming,Tints,Mushroom,SW9587,57,86.65,208,199,183,D0C7B7
FSW9588,Warm + Welcoming,Tints,High Sierra,SW9588,53,84.22,200,192,179,C8C0B3
FSW9589,Warm + Welcoming,Tints,Limewash,SW9589,67,84.54,219,213,203,DBD5CB
FSW9590,Warm + Welcoming,Tints,Taupe of the Morning,SW9590,65,83.94,218,210,198,DAD2C6
FSW9591,Warm + Welcoming,Warm Neutrals,Whisper,SW9591,45,87.13,187,178,163,BBB2A3
FSW9592,Warm + Welcoming,Warm Neutrals,Illusion,SW9592,40,86.91,176,168,153,B0A899
FSW9593,Warm + Welcoming,Warm Neutrals,Lauriston Stone,SW9593,22,95.74,134,129,114,868172
FSW9594,Warm + Welcoming,Warm Neutrals,Settlement,SW9594,19,85.41,126,121,112,7E7970
FSW9595,Warm + Welcoming,Warm Neutrals,Braintree,SW9595,12,94.59,101,99,91,65635B
FSW9596,Warm + Welcoming,Warm Neutrals,Pachyderm,SW9596,45,87.56,186,179,166,BAB3A6
FSW9597,Warm + Welcoming,Warm Neutrals,Western Reserve,SW9597,36,90.1,168,162,148,A8A294
FSW9598,Warm + Welcoming,Warm Neutrals,Solitary Slate,SW9598,19,88.13,128,121,109,80796D
FSW9599,Warm + Welcoming,Warm Neutrals,Limestone,SW9599,13,86.2,106,101,92,6A655C
FSW9600,Warm + Welcoming,Warm Neutrals,Armory,SW9600,5,47.29,65,61,60,413D3C
FSW9601,Warm + Welcoming,Warm Neutrals,Symmetry,SW9601,61,82.08,213,203,190,D5CBBE
FSW9602,Warm + Welcoming,Warm Neutrals,Studio Beige,SW9602,46,75.22,193,178,161,C1B2A1
FSW9603,Warm + Welcoming,Warm Neutrals,Quarry Stone,SW9603,27,83.5,151,142,127,978E7F
FSW9604,Warm + Welcoming,Warm Neutrals,Tea Leaf,SW9604,9,66.61,98,83,70,625346
FSW9605,Warm + Welcoming,Warm Neutrals,Clove,SW9605,5,68.61,69,62,57,453E39
FSW9606,Warm + Welcoming,Warm Neutrals,Slumber Sloth,SW9606,56,84.1,206,197,182,CEC5B6
FSW9607,Warm + Welcoming,Warm Neutrals,Tanglewood,SW9607,28,80.76,155,143,126,9B8F7E
FSW9608,Warm + Welcoming,Warm Neutrals,Habitat,SW9608,21,79.74,137,125,109,897D6D
FSW9609,Warm + Welcoming,Warm Neutrals,Landmark,SW9609,15,76.3,118,104,89,766859
FSW9610,Warm + Welcoming,Warm Neutrals,Stony Creek,SW9610,9,75.16,87,83,78,57534E
FSW9611,Warm + Welcoming,Warm Neutrals,Minimalist,SW9611,52,81.31,202,190,173,CABEAD
FSW9612,Warm + Welcoming,Warm Neutrals,Perfect Khaki,SW9612,38,81.1,178,164,146,B2A492
FSW9613,Warm + Welcoming,Warm Neutrals,Terrain,SW9613,23,87.39,140,132,117,8C8475
FSW9614,Warm + Welcoming,Warm Neutrals,Carriage Stone,SW9614,18,83.28,124,116,102,7C7466
FSW9615,Warm + Welcoming,Warm Neutrals,Prospect,SW9615,10,77.49,98,88,75,62584B
FSW9616,Warm + Welcoming,Warm Neutrals,Dumpling,SW9616,64,86.76,216,208,193,D8D0C1
FSW9617,Warm + Welcoming,Warm Neutrals,Beachcomber,SW9617,55,81.85,208,193,172,D0C1AC
FSW9618,Warm + Welcoming,Warm Neutrals,Woodbridge,SW9618,28,76.85,159,142,122,9F8E7A
FSW9619,Warm + Welcoming,Warm Neutrals,Teakwood,SW9619,22,72.96,141,126,109,8D7E6D
FSW9620,Warm + Welcoming,Warm Neutrals,Prelude,SW9620,9,77.13,91,86,79,5B564F
FSW9621,Rustic + Refined,Whites,Clean Slate,SW9621,76,165.53,224,227,226,E0E3E2
FSW9622,Rustic + Refined,Whites,White Sail,SW9622,83,115.51,235,235,231,EBEBE7
FSW9623,Rustic + Refined,Whites,Snowbelt,SW9623,87,133.46,238,241,236,EEF1EC
FSW9624,Rustic + Refined,Whites,Winsome Grey,SW9624,81,143.13,231,233,231,E7E9E7
FSW9625,Rustic + Refined,Whites,Grey Mist,SW9625,75,99.07,228,225,214,E4E1D6
FSW9626,Rustic + Refined,Tints,Glacier Bay,SW9626,75,110.02,225,225,219,E1E1DB
FSW9627,Rustic + Refined,Tints,Pacific Fog,SW9627,71,107.92,220,220,213,DCDCD5
FSW9628,Rustic + Refined,Tints,Winter Walk,SW9628,66,97.41,216,213,204,D8D5CC
FSW9629,Rustic + Refined,Tints,Constellation,SW9629,60,107.69,205,204,195,CDCCC3
FSW9630,Rustic + Refined,Tints,Moorstone,SW9630,63,124.12,207,209,202,CFD1CA
FSW9631,Rustic + Refined,Blues + Greens,Mantra,SW9631,75,161.84,220,226,223,DCE2DF
FSW9632,Rustic + Refined,Blues + Greens,Serenely,SW9632,66,183.28,206,215,213,CED7D5
FSW9633,Rustic + Refined,Blues + Greens,Silver Lake,SW9633,53,206.28,182,195,196,B6C3C4
FSW9634,Rustic + Refined,Blues + Greens,Morning at Sea,SW9634,29,217.47,130,151,155,82979B
FSW9635,Rustic + Refined,Blues + Greens,Stargazer,SW9635,17,218.23,96,117,122,60757A
FSW9636,Rustic + Refined,Blues + Greens,Windchill,SW9636,68,181.04,213,216,215,D5D8D7
FSW9637,Rustic + Refined,Blues + Greens,Mineral,SW9637,46,202.3,176,183,183,B0B7B7
FSW9638,Rustic + Refined,Blues + Greens,Breakwater,SW9638,38,174.32,162,168,166,A2A8A6
FSW9639,Rustic + Refined,Blues + Greens,Rain Cloud,SW9639,11,234.47,83,97,104,536168
FSW9640,Rustic + Refined,Blues + Greens,Sea Mariner,SW9640,7,266,67,74,84,434A54
FSW9641,Rustic + Refined,Blues + Greens,Dew Drop,SW9641,70,200,212,220,220,D4DCDC
FSW9642,Rustic + Refined,Blues + Greens,Silver Tipped Sage,SW9642,54,149.04,191,194,191,BFC2BF
FSW9643,Rustic + Refined,Blues + Greens,Eventide,SW9643,41,179.88,163,175,172,A3AFAC
FSW9644,Rustic + Refined,Blues + Greens,Portsmouth,SW9644,22,187.22,118,132,130,768482
FSW9645,Rustic + Refined,Blues + Greens,Big Dipper,SW9645,6,221.39,65,73,75,41494B
FSW9646,Rustic + Refined,Blues + Greens,Create,SW9646,58,112.77,201,202,191,C9CABF
FSW9647,Rustic + Refined,Blues + Greens,Soft Sage,SW9647,50,108.43,188,188,174,BCBCAE
FSW9648,Rustic + Refined,Blues + Greens,Frosted Fern,SW9648,38,109.85,167,167,150,A7A796
FSW9649,Rustic + Refined,Blues + Greens,Willowleaf,SW9649,24,115.49,133,135,123,85877B
FSW9650,Rustic + Refined,Blues + Greens,Succulent,SW9650,14,155.11,97,108,100,616C64
FSW9651,Rustic + Refined,Blues + Greens,Sea Spray,SW9651,61,135.72,200,206,198,C8CEC6
FSW9652,Rustic + Refined,Blues + Greens,Hazel Gaze,SW9652,51,129.18,184,191,177,B8BFB1
FSW9653,Rustic + Refined,Blues + Greens,Forever Green,SW9653,44,135.77,170,180,167,AAB4A7
FSW9654,Rustic + Refined,Blues + Greens,Taiga,SW9654,21,150.16,118,128,120,768078
FSW9655,Rustic + Refined,Blues + Greens,Mountain Pass,SW9655,14,198.06,92,106,106,5C6A6A
FSW9656,Rustic + Refined,Blues + Greens,Pine Frost,SW9656,65,129.34,208,213,203,D0D5CB
FSW9657,Rustic + Refined,Blues + Greens,Piedmont,SW9657,60,152.82,194,206,197,C2CEC5
FSW9658,Rustic + Refined,Blues + Greens,Fresh Eucalyptus,SW9658,48,159.22,173,188,180,ADBCB4
FSW9659,Rustic + Refined,Blues + Greens,Marine,SW9659,36,161.83,148,166,157,94A69D
FSW9660,Rustic + Refined,Blues + Greens,Tarragon,SW9660,7,229.75,66,78,83,424E53
FSW9661,Classic + Collected,Soft Shades + Statement Hues,Radiant Dawn,SW9661,75,84.71,235,224,206,EBE0CE
FSW9662,Classic + Collected,Soft Shades + Statement Hues,Fresh Zest,SW9662,82,90.36,245,233,207,F5E9CF
FSW9663,Classic + Collected,Soft Shades + Statement Hues,Honeypot,SW9663,75,84.76,246,222,179,F6DEB3
FSW9664,Classic + Collected,Soft Shades + Statement Hues,Sun Salutation,SW9664,66,81.61,245,207,146,F5CF92
FSW9665,Classic + Collected,Soft Shades + Statement Hues,Sunny Side Up,SW9665,65,87.08,247,206,101,F7CE65
FSW9666,Classic + Collected,Soft Shades + Statement Hues,Barely Pear,SW9666,83,103.85,237,235,219,EDEBDB
FSW9667,Classic + Collected,Soft Shades + Statement Hues,Carambola,SW9667,82,101.84,239,235,209,EFEBD1
FSW9668,Classic + Collected,Soft Shades + Statement Hues,Wild Lime,SW9668,72,103.11,227,222,179,E3DEB3
FSW9669,Classic + Collected,Soft Shades + Statement Hues,Glade Green,SW9669,36,107.97,164,165,113,A4A571
FSW9670,Classic + Collected,Soft Shades + Statement Hues,Olivetone,SW9670,11,131.83,78,99,66,4E6342
FSW9671,Classic + Collected,Soft Shades + Statement Hues,Serendipity,SW9671,84,133.5,233,237,231,E9EDE7
FSW9672,Classic + Collected,Soft Shades + Statement Hues,Wavecrest,SW9672,69,131.41,211,220,205,D3DCCD
FSW9673,Classic + Collected,Soft Shades + Statement Hues,Valleyview,SW9673,58,121.09,194,204,172,C2CCAC
FSW9674,Classic + Collected,Soft Shades + Statement Hues,Leaflet,SW9674,30,126.27,139,152,123,8B987B
FSW9675,Classic + Collected,Soft Shades + Statement Hues,Westhaven,SW9675,5,187.87,42,68,66,2A4442
FSW9676,Classic + Collected,Soft Shades + Statement Hues,Green Glimpse,SW9676,82,126.39,231,234,227,E7EAE3
FSW9677,Classic + Collected,Soft Shades + Statement Hues,Kingston,SW9677,70,139.25,212,220,211,D4DCD3
FSW9678,Classic + Collected,Soft Shades + Statement Hues,Holly Glen,SW9678,57,139.49,189,203,187,BDCBBB
FSW9679,Classic + Collected,Soft Shades + Statement Hues,Juniper,SW9679,20,162.58,101,131,117,658375
FSW9680,Classic + Collected,Soft Shades + Statement Hues,Night Watch,SW9680,4,205.3,48,54,54,303636
FSW9681,Classic + Collected,Soft Shades + Statement Hues,Rainsong,SW9681,78,190.75,221,230,229,DDE6E5
FSW9682,Classic + Collected,Soft Shades + Statement Hues,Silent Ripple,SW9682,74,230.94,215,225,229,D7E1E5
FSW9683,Classic + Collected,Soft Shades + Statement Hues,Lakeside,SW9683,47,248.59,173,184,192,ADB8C0
FSW9684,Classic + Collected,Soft Shades + Statement Hues,Azure Tide,SW9684,12,261.74,67,101,133,436585
FSW9685,Classic + Collected,Soft Shades + Statement Hues,After the Storm,SW9685,3,261.14,42,48,55,2A3037
FSW9686,Classic + Collected,Soft Shades + Statement Hues,Opalescent,SW9686,75,266.19,223,224,227,DFE0E3
FSW9687,Classic + Collected,Soft Shades + Statement Hues,Blue Iris,SW9687,73,253.52,220,222,224,DCDEE0
FSW9688,Classic + Collected,Soft Shades + Statement Hues,Modern Lavender,SW9688,40,280.79,168,170,179,A8AAB3
FSW9689,Classic + Collected,Soft Shades + Statement Hues,Ripe Berry,SW9689,10,306.18,92,86,102,5C5666
FSW9690,Classic + Collected,Soft Shades + Statement Hues,Mountain Fig,SW9690,4,281.59,56,60,73,383C49
FSW9691,Classic + Collected,Soft Shades + Statement Hues,Crystalline,SW9691,77,71.52,233,227,222,E9E3DE
FSW9692,Classic + Collected,Soft Shades + Statement Hues,Cotton Candy,SW9692,77,22.17,242,224,223,F2E0DF
FSW9693,Classic + Collected,Soft Shades + Statement Hues,Rose Pink,SW9693,65,15.24,238,202,205,EECACD
FSW9694,Classic + Collected,Soft Shades + Statement Hues,Wild Poppy,SW9694,18,28.17,184,91,87,B85B57
FSW9695,Classic + Collected,Soft Shades + Statement Hues,Beetroot,SW9695,7,23.47,131,51,55,833337
FSW9696,Classic + Collected,Soft Shades + Statement Hues,Pale Pink,SW9696,80,72.06,238,230,222,EEE6DE
FSW9697,Classic + Collected,Soft Shades + Statement Hues,Lotus Petal,SW9697,77,51.61,243,223,214,F3DFD6
FSW9698,Classic + Collected,Soft Shades + Statement Hues,Corallite,SW9698,76,74.41,240,223,205,F0DFCD
FSW9699,Classic + Collected,Soft Shades + Statement Hues,Stone Fruit,SW9699,47,40.34,242,162,140,F2A28C
FSW9700,Classic + Collected,Soft Shades + Statement Hues,Full Bloom,SW9700,26,31.85,209,111,101,D16F65
N/A,,,Mulberry Silk,SW0001,,,148,118,108,94766C
N/A,,,Chelsea Mauve,SW0002,,,190,172,159,BEAC9F
N/A,,,Cabbage Rose,SW0003,,,197,159,145,C59F91
N/A,,,Rose Brocade,SW0004,,,153,108,110,996C6E
N/A,,,Deepest Mauve,SW0005,,,109,89,90,6D595A
N/A,,,Toile Red,SW0006,,,139,83,78,8B534E
N/A,,,Decorous Amber,SW0007,,,172,117,89,AC7559
N/A,,,Cajun Red,SW0008,,,141,66,47,8D422F
N/A,,,Eastlake Gold,SW0009,,,194,142,97,C28E61
N/A,,,Wickerwork,SW0010,,,193,158,128,C19E80
N/A,,,Crewel Tan,SW0011,,,203,185,155,CBB99B
N/A,,,Empire Gold,SW0012,,,193,159,110,C19F6E
N/A,,,Majolica Green,SW0013,,,174,176,143,AEB08F
N/A,,,Sheraton Sage,SW0014,,,143,134,102,8F8666
N/A,,,Gallery Green,SW0015,,,112,134,114,708672
N/A,,,Billiard Green,SW0016,,,69,88,77,45584D
N/A,,,Calico,SW0017,,,140,164,156,8CA49C
N/A,,,Teal Stencil,SW0018,,,98,127,123,627F7B
N/A,,,Festoon Aqua,SW0019,,,160,187,184,A0BBB8
N/A,,,Peacock Plume,SW0020,,,115,150,148,739694
N/A,,,Queen Anne Lilac,SW0021,,,192,182,180,C0B6B4
N/A,,,Patchwork Plum,SW0022,,,126,105,106,7E696A
N/A,,,Pewter Tankard,SW0023,,,163,155,144,A39B90
N/A,,,Curio Gray,SW0024,,,152,137,119,988977
N/A,,,Rosedust,SW0025,,,204,141,132,CC8D84
N/A,,,Rachel Pink,SW0026,,,232,185,174,E8B9AE
N/A,,,Aristocrat Peach,SW0027,,,236,206,185,ECCEB9
N/A,,,Caen Stone,SW0028,,,236,208,177,ECD0B1
N/A,,,Acanthus,SW0029,,,205,205,180,CDCDB4
N/A,,,Colonial Yellow,SW0030,,,239,196,136,EFC488
N/A,,,Dutch Tile Blue,SW0031,,,154,171,171,9AABAB
N/A,,,Needlepoint Navy,SW0032,,,84,102,112,546670
N/A,,,Rembrandt Ruby,SW0033,,,151,79,73,974F49
N/A,,,Roycroft Rose,SW0034,,,192,143,128,C08F80
N/A,,,Warm Beige,SW0035,,,238,218,195,EEDAC3
N/A,,,Buckram Binding,SW0036,,,217,195,166,D9C3A6
N/A,,,Morris Room Grey,SW0037,,,173,161,147,ADA193
N/A,,,Library Pewter,SW0038,,,127,114,99,7F7263
N/A,,,Mellow Mauve,SW0039,,,196,149,122,C4957A
N/A,,,Roycroft Adobe,SW0040,,,167,98,81,A76251
N/A,,,Dard Hunter Green,SW0041,,,58,74,63,3A4A3F
N/A,,,Ruskin Room Green,SW0042,,,172,161,125,ACA17D
N/A,,,Peristyle Brass,SW0043,,,174,144,94,AE905E
N/A,,,Hubbard Squash,SW0044,,,233,191,140,E9BF8C
N/A,,,Antiquarian Brown,SW0045,,,148,102,68,946644
N/A,,,White Hyacinth,SW0046,,,243,229,209,F3E5D1
N/A,,,Studio Blue Green,SW0047,,,109,129,123,6D817B
N/A,,,Bunglehouse Blue,SW0048,,,71,98,111,47626F
N/A,,,Silver Gray,SW0049,,,184,178,162,B8B2A2
N/A,,,Classic Light Buff,SW0050,,,240,234,220,F0EADC
N/A,,,Classic Ivory,SW0051,,,242,224,195,F2E0C3
N/A,,,Pearl Gray,SW0052,,,203,206,197,CBCEC5
N/A,,,Porcelain,SW0053,,,233,224,213,E9E0D5
N/A,,,Twilight Gray,SW0054,,,200,191,181,C8BFB5
N/A,,,Light French Gray,SW0055,,,194,192,187,C2C0BB
N/A,,,Classic Sand,SW0056,,,214,188,170,D6BCAA
N/A,,,Chinese Red,SW0057,,,158,62,51,9E3E33
N/A,,,Jazz Age Coral,SW0058,,,241,191,177,F1BFB1
N/A,,,Frostwork,SW0059,,,203,208,194,CBD0C2
N/A,,,Alexandrite,SW0060,,,89,140,116,598C74
N/A,,,Salon Rose,SW0061,,,171,120,120,AB7878
N/A,,,Studio Mauve,SW0062,,,198,185,184,C6B9B8
N/A,,,Blue Sky,SW0063,,,171,209,201,ABD1C9
N/A,,,Blue Peacock,SW0064,,,1,78,76,014E4C
N/A,,,Vogue Green,SW0065,,,75,86,69,4B5645
N/A,,,Cascade Green,SW0066,,,172,177,159,ACB19F
N/A,,,Belvedere Cream,SW0067,,,240,205,160,F0CDA0
N/A,,,Copen Blue,SW0068,,,194,204,196,C2CCC4
N/A,,,Rose Tan,SW0069,,,205,156,133,CD9C85
N/A,,,Pink Shadow,SW0070,,,222,195,185,DEC3B9
N/A,,,Orchid,SW0071,,,188,156,158,BC9C9E
N/A,,,Deep Maroon,SW0072,,,98,63,69,623F45
N/A,,,Chartreuse,SW0073,,,225,210,134,E1D286
N/A,,,Radiant Lilac,SW0074,,,164,137,160,A489A0
N/A,,,Holiday Turquoise,SW0075,,,138,198,189,8AC6BD
N/A,,,Appleblossom,SW0076,,,218,181,180,DAB5B4
N/A,,,Classic French Gray,SW0077,,,136,135,130,888782
N/A,,,Sunbeam Yellow,SW0078,,,240,211,157,F0D39D
N/A,,,Pinky Beige,SW0079,,,201,170,152,C9AA98
N/A,,,Pink Flamingo,SW0080,,,205,113,123,CD717B
283-C3,,,Skyline Steel,SW1015,,,198,191,179,C6BFB3
138-C3,,,Venetian Yellow,SW1666,,,246,227,161,F6E3A1
138-C2,,,Icy Lemonade,SW1667,,,244,232,178,F4E8B2
138-C1,,,Pineapple Cream,SW1668,,,242,234,195,F2EAC3
276-C7,,,Merlot,SW2704,,,81,50,59,51323B
252-C1,,,Rockweed,SW2735,,,68,55,53,443735
253-C4,,,Charcoal Blue,SW2739,,,61,68,80,3D4450
253-C5,,,Mineral Gray,SW2740,,,81,87,99,515763
N/A,,,Rookwood Dark Red,SW2801,,,75,41,41,4B2929
N/A,,,Rookwood Red,SW2802,,,98,47,45,622F2D
N/A,,,Rookwood Terra Cotta,SW2803,,,151,88,64,975840
N/A,,,Renwick Rose Beige,SW2804,,,175,136,113,AF8871
N/A,,,Renwick Beige,SW2805,,,195,176,157,C3B09D
N/A,,,Rookwood Brown,SW2806,,,127,97,74,7F614A
N/A,,,Rookwood Medium Brown,SW2807,,,110,82,65,6E5241
N/A,,,Rookwood Dark Brown,SW2808,,,95,77,67,5F4D43
N/A,,,Rookwood Shutter Green,SW2809,,,48,59,57,303B39
N/A,,,Rookwood Sash Green,SW2810,,,80,106,103,506A67
N/A,,,Rookwood Blue Green,SW2811,,,115,132,120,738478
N/A,,,Rookwood Jade,SW2812,,,151,159,127,979F7F
N/A,,,Downing Straw,SW2813,,,202,171,125,CAAB7D
N/A,,,Rookwood Antique Gold,SW2814,,,165,130,88,A58258
N/A,,,Renwick Olive,SW2815,,,151,137,106,97896A
N/A,,,Rookwood Dark Green,SW2816,,,86,92,74,565C4A
N/A,,,Rookwood Amber,SW2817,,,192,134,80,C08650
N/A,,,Renwick Heather,SW2818,,,139,125,123,8B7D7B
N/A,,,Downing Slate,SW2819,,,119,127,134,777F86
N/A,,,Downing Earth,SW2820,,,136,123,103,887B67
N/A,,,Downing Stone,SW2821,,,166,163,151,A6A397
N/A,,,Downing Sand,SW2822,,,203,188,165,CBBCA5
N/A,,,Rookwood Clay,SW2823,,,154,126,100,9A7E64
N/A,,,Renwick Golden Oak,SW2824,,,150,114,76,96724C
N/A,,,Colonial Revival Green Stone,SW2826,,,163,155,126,A39B7E
N/A,,,Colonial Revival Stone,SW2827,,,167,148,124,A7947C
N/A,,,Colonial Revival Tan,SW2828,,,211,182,153,D3B699
N/A,,,Classical White,SW2829,,,236,225,203,ECE1CB
N/A,,,Classical Gold,SW2831,,,235,184,117,EBB875
N/A,,,Colonial Revival Gray,SW2832,,,180,185,185,B4B9B9
N/A,,,Roycroft Vellum,SW2833,,,232,217,189,E8D9BD
N/A,,,Birdseye Maple,SW2834,,,228,196,149,E4C495
N/A,,,Craftsman Brown,SW2835,,,174,146,120,AE9278
N/A,,,Quartersawn Oak,SW2836,,,133,105,91,85695B
N/A,,,Aurora Brown,SW2837,,,106,66,56,6A4238
N/A,,,Polished Mahogany,SW2838,,,67,39,34,432722
N/A,,,Roycroft Copper Red,SW2839,,,123,55,40,7B3728
N/A,,,Hammered Silver,SW2840,,,151,138,127,978A7F
N/A,,,Weathered Shingle,SW2841,,,147,127,104,937F68
N/A,,,Roycroft Suede,SW2842,,,167,148,115,A79473
N/A,,,Roycroft Brass,SW2843,,,122,106,81,7A6A51
N/A,,,Roycroft Mist Gray,SW2844,,,194,189,177,C2BDB1
N/A,,,Bunglehouse Gray,SW2845,,,152,143,123,988F7B
N/A,,,Roycroft Bronze Green,SW2846,,,87,84,73,575449
N/A,,,Roycroft Bottle Green,SW2847,,,50,64,56,324038
N/A,,,Roycroft Pewter,SW2848,,,97,101,100,616564
N/A,,,Westchester Gray,SW2849,,,121,121,120,797978
N/A,,,Chelsea Gray,SW2850,,,182,183,176,B6B7B0
N/A,,,Sage Green Light,SW2851,,,115,112,94,73705E
N/A,,,New Colonial Yellow,SW2853,,,217,173,127,D9AD7F
N/A,,,Caribbean Coral,SW2854,,,190,121,94,BE795E
N/A,,,Sycamore Tan,SW2855,,,156,138,121,9C8A79
N/A,,,Fairfax Brown,SW2856,,,97,70,58,61463A
N/A,,,Peace Yellow,SW2857,,,238,207,158,EECF9E
N/A,,,Harvest Gold,SW2858,,,217,160,106,D9A06A
N/A,,,Beige,SW2859,,,223,200,181,DFC8B5
N/A,,,Sage,SW2860,,,179,174,149,B3AE95
N/A,,,Avocado,SW2861,,,133,124,93,857C5D
N/A,,,Powder Blue,SW2863,,,137,164,173,89A4AD
N/A,,,Classical Yellow,SW2865,,,248,212,146,F8D492
273-C5,,,Snowfall,SW6000,,,224,222,218,E0DEDA
240-C1,,,Grayish,SW6001,,,207,202,199,CFCAC7
240-C2,,,Essential Gray,SW6002,,,188,184,182,BCB8B6
240-C3,,,Proper Gray,SW6003,,,173,168,165,ADA8A5
240-C5,,,Mink,SW6004,,,132,123,119,847B77
240-C6,,,Folkstone,SW6005,,,109,101,98,6D6562
252-C2,,,Black Bean,SW6006,,,64,51,48,403330
274-C5,,,Smart White,SW6007,,,228,219,216,E4DBD8
231-C1,,,Individual White,SW6008,,,212,205,202,D4CDCA
231-C2,,,Imagine,SW6009,,,194,182,182,C2B6B6
231-C3,,,Flexible Gray,SW6010,,,177,163,161,B1A3A1
231-C5,,,Chinchilla,SW6011,,,134,120,117,867875
231-C6,,,Browse Brown,SW6012,,,110,97,95,6E615F
231-C7,,,Bitter Chocolate,SW6013,,,77,60,60,4D3C3C
230-C1,,,Vaguely Mauve,SW6015,,,209,197,196,D1C5C4
230-C2,,,Chaise Mauve,SW6016,,,193,178,179,C1B2B3
230-C3,,,Intuitive,SW6017,,,179,163,165,B3A3A5
230-C5,,,Enigma,SW6018,,,139,124,126,8B7C7E
230-C6,,,Poetry Plum,SW6019,,,111,92,95,6F5C5F
230-C7,,,Marooned,SW6020,,,78,49,50,4E3132
274-C4,,,Dreamy White,SW6021,,,227,217,213,E3D9D5
191-C1,,,Breathless,SW6022,,,214,194,190,D6C2BE
191-C2,,,Insightful Rose,SW6023,,,201,176,171,C9B0AB
191-C3,,,Dressy Rose,SW6024,,,184,157,154,B89D9A
191-C5,,,Socialite,SW6025,,,144,118,118,907676
191-C6,,,River Rouge,SW6026,,,118,89,93,76595D
191-C7,,,Cordovan,SW6027,,,95,61,63,5F3D3F
260-C3,,,Cultured Pearl,SW6028,,,229,220,214,E5DCD6
192-C1,,,White Truffle,SW6029,,,215,200,194,D7C8C2
192-C2,,,Artistic Taupe,SW6030,,,195,177,172,C3B1AC
192-C3,,,Glamour,SW6031,,,182,160,154,B6A09A
192-C5,,,Dutch Cocoa,SW6032,,,140,112,106,8C706A
192-C6,,,Bateau Brown,SW6033,,,122,95,90,7A5F5A
192-C7,,,Dark Auburn,SW6034,,,90,53,50,5A3532
260-C6,,,Gauzy White,SW6035,,,227,219,212,E3DBD4
232-C1,,,Angora,SW6036,,,209,197,190,D1C5BE
232-C2,,,Temperate Taupe,SW6037,,,191,177,170,BFB1AA
232-C3,,,Truly Taupe,SW6038,,,172,158,151,AC9E97
232-C5,,,Poised Taupe,SW6039,,,140,126,120,8C7E78
232-C6,,,Nutshell,SW6040,,,117,103,97,756761
232-C7,,,Otter,SW6041,,,86,67,59,56433B
274-C3,,,Hush White,SW6042,,,229,218,212,E5DAD4
193-C1,,,Unfussy Beige,SW6043,,,214,200,192,D6C8C0
193-C2,,,Doeskin,SW6044,,,198,179,169,C6B3A9
193-C3,,,Emerging Taupe,SW6045,,,184,161,150,B8A196
193-C5,,,Swing Brown,SW6046,,,148,117,105,947569
193-C6,,,Hot Cocoa,SW6047,,,128,98,87,806257
193-C7,,,Terra Brun,SW6048,,,90,56,45,5A382D
274-C2,,,Gorgeous White,SW6049,,,231,219,211,E7DBD3
194-C1,,,Abalone Shell,SW6050,,,219,199,189,DBC7BD
194-C2,,,Sashay Sand,SW6051,,,207,180,168,CFB4A8
194-C3,,,Sandbank,SW6052,,,195,164,151,C3A497
194-C5,,,Reddened Earth,SW6053,,,156,110,99,9C6E63
194-C6,,,Canyon Clay,SW6054,,,133,89,79,85594F
194-C7,,,Fiery Brown,SW6055,,,93,56,49,5D3831
274-C1,,,Polite White,SW6056,,,233,221,212,E9DDD4
195-C1,,,Malted Milk,SW6057,,,222,202,189,DECABD
195-C2,,,Likeable Sand,SW6058,,,209,183,168,D1B7A8
195-C3,,,Interface Tan,SW6059,,,193,163,146,C1A392
195-C5,,,Moroccan Spice,SW6060,,,157,120,104,9D7868
195-C6,,,Tanbark,SW6061,,,137,102,86,896656
195-C7,,,Vintage Leather,SW6062,,,105,67,54,694336
260-C4,,,Nice White,SW6063,,,230,221,213,E6DDD5
196-C1,,,Reticence,SW6064,,,217,205,195,D9CDC3
196-C2,,,Bona Fide Beige,SW6065,,,203,185,171,CBB9AB
196-C3,,,Sand Trap,SW6066,,,187,165,149,BBA595
196-C5,,,Mocha,SW6067,,,150,122,106,967A6A
196-C6,,,Brevity Brown,SW6068,,,113,82,67,715243
196-C7,,,French Roast,SW6069,,,79,52,38,4F3426
259-C1,,,Heron Plume,SW6070,,,229,225,216,E5E1D8
242-C1,,,Popular Gray,SW6071,,,212,204,195,D4CCC3
242-C2,,,Versatile Gray,SW6072,,,193,182,171,C1B6AB
242-C3,,,Perfect Greige,SW6073,,,183,171,159,B7AB9F
242-C5,,,Spalding Gray,SW6074,,,141,127,117,8D7F75
242-C6,,,Garret Gray,SW6075,,,117,104,97,756861
277-C3,,,Turkish Coffee,SW6076,,,77,57,48,4D3930
260-C5,,,Everyday White,SW6077,,,228,220,212,E4DCD4
198-C1,,,Realist Beige,SW6078,,,211,200,189,D3C8BD
198-C2,,,Diverse Beige,SW6079,,,194,180,167,C2B4A7
198-C3,,,Utterly Beige,SW6080,,,181,165,151,B5A597
198-C5,,,Down Home,SW6081,,,144,120,101,907865
198-C6,,,Cobble Brown,SW6082,,,122,100,85,7A6455
198-C7,,,Sable,SW6083,,,95,75,63,5F4B3F
267-C5,,,Modest White,SW6084,,,230,221,212,E6DDD4
197-C1,,,Simplify Beige,SW6085,,,214,199,185,D6C7B9
197-C2,,,Sand Dune,SW6086,,,197,177,162,C5B1A2
197-C3,,,Trusty Tan,SW6087,,,181,159,143,B59F8F
197-C5,,,Nuthatch,SW6088,,,142,114,95,8E725F
197-C6,,,Grounded,SW6089,,,120,91,71,785B47
197-C7,,,Java,SW6090,,,99,69,51,634533
267-C6,,,Reliable White,SW6091,,,232,222,211,E8DED3
200-C1,,,Lightweight Beige,SW6092,,,218,200,184,DAC8B8
200-C2,,,Familiar Beige,SW6093,,,202,179,160,CAB3A0
200-C3,,,Sensational Sand,SW6094,,,191,163,141,BFA38D
200-C5,,,Toasty,SW6095,,,149,114,88,957258
200-C6,,,Jute Brown,SW6096,,,129,93,64,815D40
200-C7,,,Sturdy Brown,SW6097,,,105,72,44,69482C
267-C7,,,Pacer White,SW6098,,,229,221,208,E5DDD0
201-C1,,,Sand Dollar,SW6099,,,215,197,179,D7C5B3
201-C2,,,Practical Beige,SW6100,,,201,178,156,C9B29C
201-C3,,,Sands of Time,SW6101,,,188,163,139,BCA38B
201-C5,,,Portabello,SW6102,,,148,122,98,947A62
201-C6,,,Tea Chest,SW6103,,,125,100,77,7D644D
201-C7,,,Kaffee,SW6104,,,101,80,61,65503D
266-C4,,,Divine White,SW6105,,,230,220,205,E6DCCD
204-C1,,,Kilim Beige,SW6106,,,215,197,174,D7C5AE
204-C2,,,Nomadic Desert,SW6107,,,199,177,152,C7B198
204-C3,,,Latte,SW6108,,,186,161,133,BAA185
204-C5,,,Hopsack,SW6109,,,158,129,99,9E8163
204-C6,,,Steady Brown,SW6110,,,138,107,77,8A6B4D
204-C7,,,Coconut Husk,SW6111,,,112,87,63,70573F
265-C3,,,Biscuit,SW6112,,,235,221,203,EBDDCB
291-C1,,,Interactive Cream,SW6113,,,228,202,173,E4CAAD
291-C2,,,Bagel,SW6114,,,215,181,147,D7B593
291-C3,,,Totally Tan,SW6115,,,204,166,131,CCA683
291-C5,,,Tatami Tan,SW6116,,,186,140,100,BA8C64
291-C6,,,Smokey Topaz,SW6117,,,165,121,85,A57955
291-C7,,,Leather Bound,SW6118,,,141,98,61,8D623D
263-C6,,,Antique White,SW6119,,,232,220,198,E8DCC6
141-C1,,,Believable Buff,SW6120,,,219,199,168,DBC7A8
141-C2,,,Whole Wheat,SW6121,,,205,181,146,CDB592
141-C3,,,Camelback,SW6122,,,197,170,133,C5AA85
141-C5,,,Baguette,SW6123,,,179,145,103,B39167
141-C6,,,Cardboard,SW6124,,,156,122,86,9C7A56
141-C7,,,Craft Paper,SW6125,,,138,102,69,8A6645
264-C5,,,Navajo White,SW6126,,,233,220,198,E9DCC6
140-C1,,,Ivoire,SW6127,,,228,206,172,E4CEAC
140-C2,,,Blonde,SW6128,,,220,189,146,DCBD92
140-C3,,,Restrained Gold,SW6129,,,210,176,132,D2B084
140-C5,,,Mannered Gold,SW6130,,,193,151,99,C19763
140-C6,,,Chamois,SW6131,,,173,132,81,AD8451
140-C7,,,Relic Bronze,SW6132,,,144,106,58,906A3A
263-C5,,,Muslin,SW6133,,,234,223,201,EADFC9
208-C1,,,Netsuke,SW6134,,,224,207,176,E0CFB0
208-C2,,,Ecru,SW6135,,,208,186,148,D0BA94
208-C3,,,Harmonic Tan,SW6136,,,198,176,138,C6B08A
208-C5,,,Burlap,SW6137,,,172,149,113,AC9571
208-C6,,,Artifact,SW6138,,,154,129,94,9A815E
208-C7,,,Mossy Gold,SW6139,,,127,103,67,7F6743
266-C3,,,Moderate White,SW6140,,,233,222,207,E9DECF
206-C1,,,Softer Tan,SW6141,,,218,202,178,DACAB2
206-C2,,,Macadamia,SW6142,,,204,183,155,CCB79B
206-C3,,,Basket Beige,SW6143,,,192,169,139,C0A98B
206-C5,,,Dapper Tan,SW6144,,,148,127,101,947F65
206-C6,,,Thatch Brown,SW6145,,,134,112,87,867057
206-C7,,,Umber,SW6146,,,110,84,60,6E543C
266-C2,,,Panda White,SW6147,,,234,226,212,EAE2D4
207-C1,,,Wool Skein,SW6148,,,217,207,186,D9CFBA
207-C2,,,Relaxed Khaki,SW6149,,,200,187,163,C8BBA3
207-C3,,,Universal Khaki,SW6150,,,184,169,146,B8A992
207-C5,,,Quiver Tan,SW6151,,,142,127,106,8E7F6A
207-C6,,,Superior Bronze,SW6152,,,120,105,87,786957
207-C7,,,Protg Bronze,SW6153,,,102,84,62,66543E
263-C2,,,Nacre,SW6154,,,232,226,212,E8E2D4
210-C1,,,Rice Grain,SW6155,,,219,208,185,DBD0B9
210-C2,,,Ramie,SW6156,,,205,189,162,CDBDA2
210-C3,,,Favorite Tan,SW6157,,,193,174,145,C1AE91
210-C5,,,Sawdust,SW6158,,,153,137,112,998970
210-C6,,,High Tea,SW6159,,,126,111,89,7E6F59
210-C7,,,Best Bronze,SW6160,,,93,81,62,5D513E
270-C1,,,Nonchalant White,SW6161,,,222,221,209,DEDDD1
212-C1,,,Ancient Marble,SW6162,,,209,204,185,D1CCB9
212-C2,,,Grassland,SW6163,,,193,188,167,C1BCA7
212-C3,,,Svelte Sage,SW6164,,,178,172,150,B2AC96
212-C5,,,Connected Gray,SW6165,,,137,132,115,898473
212-C6,,,Eclipse,SW6166,,,107,103,87,6B6757
212-C7,,,Garden Gate,SW6167,,,94,89,73,5E5949
258-C6,,,Moderne White,SW6168,,,226,224,215,E2E0D7
211-C1,,,Sedate Gray,SW6169,,,209,205,191,D1CDBF
211-C2,,,Techno Gray,SW6170,,,191,185,170,BFB9AA
211-C3,,,Chatroom,SW6171,,,176,171,156,B0AB9C
211-C5,,,Hardware,SW6172,,,139,131,114,8B8372
211-C6,,,Cocoon,SW6173,,,114,107,91,726B5B
278-C6,,,Andiron,SW6174,,,66,64,54,424036
270-C4,,,Sagey,SW6175,,,226,226,209,E2E2D1
213-C1,,,Liveable Green,SW6176,,,206,206,189,CECEBD
213-C2,,,Softened Green,SW6177,,,187,188,167,BBBCA7
213-C3,,,Clary Sage,SW6178,,,172,173,151,ACAD97
213-C5,,,Artichoke,SW6179,,,127,130,102,7F8266
213-C6,,,Oakmoss,SW6180,,,101,104,76,65684C
213-C7,,,Secret Garden,SW6181,,,79,82,58,4F523A
258-C5,,,Ethereal White,SW6182,,,227,226,217,E3E2D9
215-C1,,,Conservative Gray,SW6183,,,209,208,198,D1D0C6
215-C2,,,Austere Gray,SW6184,,,190,191,178,BEBFB2
215-C3,,,Escape Gray,SW6185,,,171,172,159,ABAC9F
215-C5,,,Dried Thyme,SW6186,,,123,128,112,7B8070
215-C6,,,Rosemary,SW6187,,,100,105,92,64695C
215-C7,,,Shade?Grown,SW6188,,,78,81,71,4E5147
271-C2,,,Opaline,SW6189,,,220,223,215,DCDFD7
214-C1,,,Filmy Green,SW6190,,,209,211,199,D1D3C7
214-C2,,,Contented,SW6191,,,189,192,179,BDC0B3
214-C3,,,Coastal Plain,SW6192,,,159,166,148,9FA694
214-C5,,,Privilege Green,SW6193,,,122,135,117,7A8775
214-C6,,,Basil,SW6194,,,98,110,96,626E60
214-C7,,,Rock Garden,SW6195,,,70,84,72,465448
258-C4,,,Frosty White,SW6196,,,221,221,214,DDDDD6
216-C1,,,Aloof Gray,SW6197,,,201,201,192,C9C9C0
216-C2,,,Sensible Hue,SW6198,,,182,181,171,B6B5AB
216-C3,,,Rare Gray,SW6199,,,166,166,155,A6A69B
216-C5,,,Link Gray,SW6200,,,127,126,114,7F7E72
216-C6,,,Thunderous,SW6201,,,109,108,98,6D6C62
216-C7,,,Cast Iron,SW6202,,,100,100,90,64645A
258-C1,,,Spare White,SW6203,,,228,228,221,E4E4DD
217-C1,,,Sea Salt,SW6204,,,205,210,202,CDD2CA
217-C2,,,Comfort Gray,SW6205,,,190,195,187,BEC3BB
217-C3,,,Oyster Bay,SW6206,,,174,179,169,AEB3A9
217-C5,,,Retreat,SW6207,,,122,128,118,7A8076
217-C6,,,Pewter Green,SW6208,,,94,98,89,5E6259
217-C7,,,Ripe Olive,SW6209,,,68,72,61,44483D
271-C3,,,Window Pane,SW6210,,,215,223,216,D7DFD8
218-C1,,,Rainwashed,SW6211,,,194,205,197,C2CDC5
218-C2,,,Quietude,SW6212,,,173,187,178,ADBBB2
218-C3,,,Halcyon Green,SW6213,,,155,170,162,9BAAA2
218-C5,,,Underseas,SW6214,,,124,142,135,7C8E87
218-C6,,,Rocky River,SW6215,,,94,112,106,5E706A
218-C7,,,Jasper,SW6216,,,52,59,54,343B36
272-C3,,,Topsail,SW6217,,,218,226,224,DAE2E0
219-C1,,,Tradewind,SW6218,,,194,207,207,C2CFCF
219-C2,,,Rain,SW6219,,,171,190,191,ABBEBF
219-C3,,,Interesting Aqua,SW6220,,,155,175,178,9BAFB2
219-C5,,,Moody Blue,SW6221,,,122,145,146,7A9192
219-C6,,,Riverway,SW6222,,,93,114,116,5D7274
219-C7,,,Still Water,SW6223,,,74,93,95,4A5D5F
273-C1,,,Mountain Air,SW6224,,,216,224,223,D8E0DF
220-C1,,,Sleepy Blue,SW6225,,,188,203,206,BCCBCE
220-C2,,,Languid Blue,SW6226,,,164,183,189,A4B7BD
220-C3,,,Meditative,SW6227,,,150,170,176,96AAB0
220-C5,,,Refuge,SW6228,,,96,125,132,607D84
220-C6,,,Tempe Star,SW6229,,,71,98,106,47626A
220-C7,,,Rainstorm,SW6230,,,36,70,83,244653
257-C6,,,Rock Candy,SW6231,,,222,225,223,DEE1DF
222-C1,,,Misty,SW6232,,,205,210,210,CDD2D2
222-C2,,,Samovar Silver,SW6233,,,184,190,190,B8BEBE
222-C3,,,Uncertain Gray,SW6234,,,169,176,177,A9B0B1
222-C5,,,Foggy Day,SW6235,,,114,124,127,727C7F
222-C6,,,Grays Harbor,SW6236,,,89,99,104,596368
222-C7,,,Dark Night,SW6237,,,35,56,63,23383F
273-C3,,,Icicle,SW6238,,,219,223,224,DBDFE0
224-C1,,,Upward,SW6239,,,191,201,208,BFC9D0
224-C2,,,Windy Blue,SW6240,,,170,186,198,AABAC6
224-C3,,,Aleutian,SW6241,,,152,169,183,98A9B7
224-C5,,,Bracing Blue,SW6242,,,118,139,154,768B9A
224-C6,,,Distance,SW6243,,,93,111,127,5D6F7F
253-C6,,,Naval,SW6244,,,47,61,76,2F3D4C
273-C2,,,Quicksilver,SW6245,,,221,226,224,DDE2E0
225-C1,,,North Star,SW6246,,,202,208,210,CAD0D2
225-C2,,,Krypton,SW6247,,,184,192,195,B8C0C3
225-C3,,,Jubilee,SW6248,,,173,181,185,ADB5B9
225-C5,,,Storm Cloud,SW6249,,,122,132,141,7A848D
225-C6,,,Granite Peak,SW6250,,,96,107,117,606B75
225-C7,,,Outerspace,SW6251,,,88,97,104,586168
257-C3,,,Ice Cube,SW6252,,,227,228,225,E3E4E1
234-C1,,,Olympus White,SW6253,,,212,216,215,D4D8D7
234-C2,,,Lazy Gray,SW6254,,,190,193,195,BEC1C3
234-C3,,,Morning Fog,SW6255,,,168,174,177,A8AEB1
234-C5,,,Serious Gray,SW6256,,,125,132,139,7D848B
234-C6,,,Gibraltar,SW6257,,,98,105,112,626970
251-C1,,,Tricorn Black,SW6258,,,47,47,48,2F2F30
273-C6,,,Spatial White,SW6259,,,221,220,219,DDDCDB
228-C1,,,Unique Gray,SW6260,,,203,201,201,CBC9C9
228-C2,,,Swanky Gray,SW6261,,,181,177,181,B5B1B5
228-C3,,,Mysterious Mauve,SW6262,,,166,163,169,A6A3A9
228-C5,,,Exclusive Plum,SW6263,,,115,111,120,736F78
228-C6,,,Midnight,SW6264,,,93,89,98,5D5962
228-C7,,,Quixotic Plum,SW6265,,,74,70,83,4A4653
229-C1,,,Sensitive Tint,SW6267,,,206,201,204,CEC9CC
229-C2,,,Veiled Violet,SW6268,,,189,181,185,BDB5B9
229-C3,,,Beguiling Mauve,SW6269,,,175,167,172,AFA7AC
229-C5,,,Soulmate,SW6270,,,133,119,123,85777B
229-C6,,,Expressive Plum,SW6271,,,105,92,98,695C62
229-C7,,,Plum Brown,SW6272,,,78,66,71,4E4247
226-C1,,,Destiny,SW6274,,,207,201,200,CFC9C8
226-C2,,,Fashionable Gray,SW6275,,,189,184,184,BDB8B8
226-C3,,,Mystical Shade,SW6276,,,174,169,170,AEA9AA
226-C5,,,Special Gray,SW6277,,,123,120,125,7B787D
226-C6,,,Cloak Gray,SW6278,,,96,94,99,605E63
252-C7,,,Black Swan,SW6279,,,58,55,62,3A373E
190-C1,,,Wallflower,SW6281,,,219,207,212,DBCFD4
190-C2,,,Mauve Finery,SW6282,,,203,184,192,CBB8C0
190-C3,,,Thistle,SW6283,,,170,142,154,AA8E9A
190-C5,,,Plum Dandy,SW6284,,,139,104,120,8B6878
190-C6,,,Grape Harvest,SW6285,,,126,90,109,7E5A6D
190-C7,,,Mature Grape,SW6286,,,95,63,84,5F3F54
109-C1,,,Rosebud,SW6288,,,224,205,209,E0CDD1
109-C2,,,Delightful,SW6289,,,210,182,190,D2B6BE
109-C3,,,Ros,SW6290,,,185,149,161,B995A1
109-C4,,,Moss Rose,SW6291,,,158,109,121,9E6D79
109-C5,,,Berry Bush,SW6292,,,141,88,105,8D5869
109-C6,,,Fabulous Grape,SW6293,,,109,52,79,6D344F
110-C1,,,Demure,SW6295,,,232,212,213,E8D4D5
110-C2,,,Fading Rose,SW6296,,,218,189,193,DABDC1
110-C3,,,Rose Embroidery,SW6297,,,199,158,162,C79EA2
110-C5,,,Concerto,SW6298,,,158,107,117,9E6B75
110-C6,,,Aged Wine,SW6299,,,137,84,96,895460
110-C7,,,Burgundy,SW6300,,,99,51,62,63333E
111-C1,,,Innocence,SW6302,,,235,209,207,EBD1CF
111-C2,,,Rose Colored,SW6303,,,220,182,181,DCB6B5
111-C3,,,Pressed Flower,SW6304,,,195,147,147,C39393
111-C5,,,Rambling Rose,SW6305,,,153,93,98,995D62
111-C6,,,Cordial,SW6306,,,134,76,82,864C52
111-C7,,,Fine Wine,SW6307,,,114,57,65,723941
112-C1,,,Charming Pink,SW6309,,,237,211,210,EDD3D2
112-C2,,,Lotus Flower,SW6310,,,230,189,189,E6BDBD
112-C3,,,Memorable Rose,SW6311,,,207,138,141,CF8A8D
112-C5,,,Redbud,SW6312,,,173,94,101,AD5E65
112-C6,,,Kirsch Red,SW6313,,,151,73,83,974953
112-C7,,,Luxurious Red,SW6314,,,134,58,66,863A42
113-C1,,,Rosy Outlook,SW6316,,,235,206,203,EBCECB
113-C2,,,Gracious Rose,SW6317,,,227,183,177,E3B7B1
113-C3,,,Resounding Rose,SW6318,,,205,142,137,CD8E89
113-C5,,,Reddish,SW6319,,,181,105,102,B56966
113-C6,,,Bravado Red,SW6320,,,160,82,78,A0524E
113-C7,,,Red Bay,SW6321,,,142,55,56,8E3738
268-C6,,,Intimate White,SW6322,,,240,225,216,F0E1D8
114-C1,,,Romance,SW6323,,,235,207,195,EBCFC3
114-C2,,,Mellow Coral,SW6324,,,227,181,168,E3B5A8
114-C3,,,Constant Coral,SW6325,,,205,142,127,CD8E7F
114-C5,,,Henna Shade,SW6326,,,179,103,93,B3675D
114-C6,,,Bold Brick,SW6327,,,160,88,79,A0584F
114-C7,,,Fireweed,SW6328,,,123,55,48,7B3730
268-C5,,,Faint Coral,SW6329,,,238,222,213,EEDED5
115-C1,,,Quaint Peche,SW6330,,,234,205,193,EACDC1
115-C2,,,Smoky Salmon,SW6331,,,226,182,167,E2B6A7
115-C3,,,Coral Island,SW6332,,,206,147,130,CE9382
115-C5,,,Foxy,SW6333,,,168,94,83,A85E53
115-C6,,,Flower Pot,SW6334,,,143,68,56,8F4438
115-C7,,,Fired Brick,SW6335,,,131,56,42,83382A
268-C4,,,Nearly Peach,SW6336,,,239,222,209,EFDED1
124-C1,,,Spun Sugar,SW6337,,,237,210,192,EDD2C0
124-C2,,,Warming Peach,SW6338,,,228,185,162,E4B9A2
124-C3,,,Persimmon,SW6339,,,217,152,124,D9987C
124-C5,,,Baked Clay,SW6340,,,193,120,92,C1785C
124-C6,,,Red Cent,SW6341,,,173,101,76,AD654C
124-C7,,,Spicy Hue,SW6342,,,153,75,53,994B35
287-C1,,,Alluring White,SW6343,,,239,225,210,EFE1D2
125-C1,,,Peach Fuzz,SW6344,,,236,207,187,ECCFBB
125-C2,,,Sumptuous Peach,SW6345,,,229,185,155,E5B99B
125-C3,,,Fame Orange,SW6346,,,219,156,123,DB9C7B
125-C4,,,Chrysanthemum,SW6347,,,196,123,91,C47B5B
125-C5,,,Reynard,SW6348,,,180,104,72,B46848
125-C6,,,Pennywise,SW6349,,,162,88,58,A2583A
265-C4,,,Intricate Ivory,SW6350,,,237,221,202,EDDDCA
126-C1,,,Sweet Orange,SW6351,,,235,204,179,EBCCB3
126-C2,,,Soft Apricot,SW6352,,,224,179,146,E0B392
126-C4,,,Chivalry Copper,SW6353,,,212,150,110,D4966E
126-C5,,,Armagnac,SW6354,,,195,128,88,C38058
126-C6,,,Truepenny,SW6355,,,180,108,66,B46C42
126-C7,,,Copper Mountain,SW6356,,,166,97,60,A6613C
265-C5,,,Choice Cream,SW6357,,,240,225,208,F0E1D0
127-C1,,,Creamery,SW6358,,,237,208,182,EDD0B6
127-C2,,,Sociable,SW6359,,,232,190,155,E8BE9B
127-C4,,,Folksy Gold,SW6360,,,214,153,105,D69969
127-C5,,,Autumnal,SW6361,,,205,140,93,CD8C5D
127-C6,,,Tigereye,SW6362,,,187,119,72,BB7748
127-C7,,,Gingery,SW6363,,,176,108,62,B06C3E
264-C2,,,Eggwhite,SW6364,,,243,229,210,F3E5D2
128-C1,,,Cachet Cream,SW6365,,,243,217,186,F3D9BA
128-C2,,,Ambitious Amber,SW6366,,,240,203,151,F0CB97
128-C3,,,Viva Gold,SW6367,,,227,172,114,E3AC72
128-C4,,,Bakelite Gold,SW6368,,,215,153,93,D7995D
128-C5,,,Tassel,SW6369,,,198,136,74,C6884A
128-C6,,,Saucy Gold,SW6370,,,182,116,59,B6743B
262-C6,,,Vanillin,SW6371,,,242,227,202,F2E3CA
129-C1,,,Inviting Ivory,SW6372,,,242,213,176,F2D5B0
129-C2,,,Harvester,SW6373,,,237,195,142,EDC38E
129-C4,,,Torchlight,SW6374,,,229,174,107,E5AE6B
129-C5,,,Honeycomb,SW6375,,,213,152,88,D59858
129-C6,,,Gold Coast,SW6376,,,199,133,56,C78538
129-C7,,,Butterscotch,SW6377,,,182,125,60,B67D3C
264-C3,,,Crisp Linen,SW6378,,,243,230,212,F3E6D4
130-C1,,,Jersey Cream,SW6379,,,245,222,187,F5DEBB
130-C2,,,Humble Gold,SW6380,,,237,199,150,EDC796
130-C4,,,Anjou Pear,SW6381,,,221,172,109,DDAC6D
130-C5,,,Ceremonial Gold,SW6382,,,214,158,89,D69E59
130-C6,,,Golden Rule,SW6383,,,204,146,73,CC9249
130-C7,,,Cut the Mustard,SW6384,,,186,127,56,BA7F38
261-C2,,,Dover White,SW6385,,,240,234,220,F0EADC
139-C1,,,Napery,SW6386,,,239,221,193,EFDDC1
139-C2,,,Compatible Cream,SW6387,,,232,200,158,E8C89E
139-C4,,,Golden Fleece,SW6388,,,214,173,120,D6AD78
139-C5,,,Butternut,SW6389,,,204,155,92,CC9B5C
139-C6,,,Bosc Pear,SW6390,,,192,144,86,C09056
139-C7,,,Gallant Gold,SW6391,,,164,118,60,A4763C
269-C4,,,Vital Yellow,SW6392,,,237,224,197,EDE0C5
142-C1,,,Convivial Yellow,SW6393,,,233,214,176,E9D6B0
142-C2,,,Sequin,SW6394,,,225,194,141,E1C28D
142-C4,,,Alchemy,SW6395,,,201,158,83,C99E53
142-C5,,,Different Gold,SW6396,,,188,147,77,BC934D
142-C6,,,Nankeen,SW6397,,,170,128,58,AA803A
142-C7,,,Sconce Gold,SW6398,,,153,111,50,996F32
269-C3,,,Chamomile,SW6399,,,233,224,197,E9E0C5
143-C1,,,Lucent Yellow,SW6400,,,228,208,165,E4D0A5
143-C3,,,Independent Gold,SW6401,,,210,186,131,D2BA83
143-C4,,,Antiquity,SW6402,,,194,164,98,C2A462
143-C5,,,Escapade Gold,SW6403,,,184,155,89,B89B59
143-C6,,,Grandiose,SW6404,,,156,127,65,9C7F41
143-C7,,,Fervent Brass,SW6405,,,149,121,61,95793D
269-C2,,,Ionic Ivory,SW6406,,,231,223,197,E7DFC5
144-C1,,,Ancestral Gold,SW6407,,,221,205,166,DDCDA6
144-C2,,,Wheat Grass,SW6408,,,203,181,132,CBB584
144-C4,,,Edgy Gold,SW6409,,,177,151,95,B1975F
144-C5,,,Brassy,SW6410,,,157,131,68,9D8344
144-C6,,,Bengal Grass,SW6411,,,142,119,63,8E773F
144-C7,,,Eminent Bronze,SW6412,,,122,104,65,7A6841
269-C1,,,Restoration Ivory,SW6413,,,233,225,202,E9E1CA
145-C1,,,Rice Paddy,SW6414,,,223,212,176,DFD4B0
145-C2,,,Hearts of Palm,SW6415,,,207,194,145,CFC291
145-C4,,,Sassy Green,SW6416,,,187,168,106,BBA86A
145-C5,,,Tupelo Tree,SW6417,,,156,145,82,9C9152
145-C6,,,Rural Green,SW6418,,,141,132,77,8D844D
145-C7,,,Saguaro,SW6419,,,101,95,45,655F2D
270-C5,,,Queen Anne's Lace,SW6420,,,236,234,213,ECEAD5
154-C1,,,Celery,SW6421,,,224,221,189,E0DDBD
154-C2,,,Shagreen,SW6422,,,203,201,157,CBC99D
154-C4,,,Ryegrass,SW6423,,,174,172,122,AEAC7A
154-C5,,,Tansy Green,SW6424,,,149,148,92,95945C
154-C6,,,Relentless Olive,SW6425,,,113,113,62,71713E
154-C7,,,Basque Green,SW6426,,,95,96,51,5F6033
270-C6,,,Sprout,SW6427,,,228,228,206,E4E4CE
155-C1,,,Honeydew,SW6428,,,219,221,189,DBDDBD
155-C2,,,Baize Green,SW6429,,,199,205,168,C7CDA8
155-C3,,,Great Green,SW6430,,,171,180,134,ABB486
155-C5,,,Leapfrog,SW6431,,,136,145,93,88915D
155-C6,,,Garden Spot,SW6432,,,109,118,69,6D7645
155-C7,,,Inverness,SW6433,,,87,98,56,576238
270-C2,,,Spinach White,SW6434,,,228,232,218,E4E8DA
156-C1,,,Gratifying Green,SW6435,,,218,226,205,DAE2CD
156-C2,,,Bonsai Tint,SW6436,,,197,209,178,C5D1B2
156-C3,,,Haven,SW6437,,,163,180,140,A3B48C
156-C5,,,Dill,SW6438,,,120,141,96,788D60
156-C6,,,Greenfield,SW6439,,,96,114,79,60724F
156-C7,,,Courtyard,SW6440,,,71,88,66,475842
270-C3,,,White Mint,SW6441,,,224,231,218,E0E7DA
157-C1,,,Supreme Green,SW6442,,,207,221,199,CFDDC7
157-C2,,,Relish,SW6443,,,179,203,170,B3CBAA
157-C3,,,Lounge Green,SW6444,,,139,169,127,8BA97F
157-C5,,,Garden Grove,SW6445,,,94,127,87,5E7F57
157-C6,,,Arugula,SW6446,,,66,96,60,42603C
157-C7,,,Evergreens,SW6447,,,64,88,64,405840
158-C1,,,Topiary Tint,SW6449,,,200,216,196,C8D8C4
158-C2,,,Easy Green,SW6450,,,172,194,168,ACC2A8
158-C3,,,Nurture Green,SW6451,,,152,176,146,98B092
158-C5,,,Inland,SW6452,,,108,136,103,6C8867
158-C6,,,Cilantro,SW6453,,,83,113,80,537150
158-C7,,,Shamrock,SW6454,,,32,81,52,205134
271-C4,,,Fleeting Green,SW6455,,,216,226,216,D8E2D8
159-C1,,,Slow Green,SW6456,,,198,213,201,C6D5C9
159-C2,,,Kind Green,SW6457,,,170,194,179,AAC2B3
159-C3,,,Restful,SW6458,,,145,175,157,91AF9D
159-C5,,,Jadite,SW6459,,,97,130,108,61826C
159-C6,,,Kale Green,SW6460,,,79,106,86,4F6A56
159-C7,,,Isle of Pines,SW6461,,,61,85,65,3D5541
271-C5,,,Green Trance,SW6462,,,215,228,219,D7E4DB
160-C1,,,Breaktime,SW6463,,,196,217,206,C4D9CE
160-C2,,,Aloe,SW6464,,,172,202,188,ACCABC
160-C3,,,Spearmint,SW6465,,,148,181,166,94B5A6
160-C5,,,Grandview,SW6466,,,107,146,127,6B927F
160-C6,,,Kendal Green,SW6467,,,84,120,103,547867
160-C7,,,Hunt Club,SW6468,,,42,79,67,2A4F43
169-C1,,,Waterscape,SW6470,,,191,210,201,BFD2C9
169-C2,,,Hazel,SW6471,,,168,193,183,A8C1B7
169-C4,,,Composed,SW6472,,,126,162,152,7EA298
169-C5,,,Surf Green,SW6473,,,95,136,125,5F887D
169-C6,,,Raging Sea,SW6474,,,71,111,101,476F65
169-C7,,,Country Squire,SW6475,,,18,74,66,124A42
271-C1,,,Glimmer,SW6476,,,224,231,226,E0E7E2
170-C1,,,Tidewater,SW6477,,,195,215,211,C3D7D3
170-C2,,,Watery,SW6478,,,180,204,201,B4CCC9
170-C4,,,Drizzle,SW6479,,,140,174,171,8CAEAB
170-C5,,,Lagoon,SW6480,,,81,134,130,518682
170-C6,,,Green Bay,SW6481,,,46,104,100,2E6864
170-C7,,,Cape Verde,SW6482,,,1,85,79,01554F
171-C1,,,Meander Blue,SW6484,,,190,219,216,BEDBD8
171-C2,,,Raindrop,SW6485,,,158,198,198,9EC6C6
171-C4,,,Reflecting Pool,SW6486,,,123,177,178,7BB1B2
171-C5,,,Cloudburst,SW6487,,,92,149,152,5C9598
171-C6,,,Grand Canal,SW6488,,,60,121,125,3C797D
171-C7,,,Really Teal,SW6489,,,1,99,103,016367
172-C1,,,Open Air,SW6491,,,199,223,224,C7DFE0
172-C2,,,Jetstream,SW6492,,,176,210,214,B0D2D6
172-C4,,,Ebbtide,SW6493,,,132,180,190,84B4BE
172-C5,,,Lakeshore,SW6494,,,91,150,162,5B96A2
172-C6,,,Great Falls,SW6495,,,33,119,134,217786
172-C7,,,Oceanside,SW6496,,,1,90,107,015A6B
272-C4,,,Blue Horizon,SW6497,,,216,231,230,D8E7E6
174-C1,,,Byte Blue,SW6498,,,197,220,224,C5DCE0
174-C2,,,Stream,SW6499,,,173,204,211,ADCCD3
174-C4,,,Open Seas,SW6500,,,131,175,188,83AFBC
174-C5,,,Manitou Blue,SW6501,,,91,146,162,5B92A2
174-C6,,,Loch Blue,SW6502,,,47,119,139,2F778B
174-C7,,,Bosporus,SW6503,,,1,93,117,015D75
272-C1,,,Sky High,SW6504,,,220,231,232,DCE7E8
175-C1,,,Atmospheric,SW6505,,,194,218,224,C2DAE0
175-C2,,,Vast Sky,SW6506,,,169,201,215,A9C9D7
175-C3,,,Resolute Blue,SW6507,,,133,176,196,85B0C4
175-C5,,,Secure Blue,SW6508,,,83,137,161,5389A1
175-C6,,,Georgian Bay,SW6509,,,34,101,127,22657F
175-C7,,,Loyal Blue,SW6510,,,1,69,94,01455E
272-C2,,,Snowdrop,SW6511,,,224,232,231,E0E8E7
184-C1,,,Balmy,SW6512,,,197,216,222,C5D8DE
184-C2,,,Take Five,SW6513,,,179,201,211,B3C9D3
184-C3,,,Respite,SW6514,,,151,180,195,97B4C3
184-C5,,,Leisure Blue,SW6515,,,106,142,161,6A8EA1
184-C6,,,Down Pour,SW6516,,,67,113,139,43718B
184-C7,,,Regatta,SW6517,,,33,87,114,215772
185-C1,,,Hinting Blue,SW6519,,,206,217,221,CED9DD
185-C2,,,Honest Blue,SW6520,,,178,199,211,B2C7D3
185-C3,,,Notable Hue,SW6521,,,139,167,187,8BA7BB
185-C5,,,Sporty Blue,SW6522,,,106,138,164,6A8AA4
185-C6,,,Denim,SW6523,,,80,107,132,506B84
185-C7,,,Commodore,SW6524,,,37,71,106,25476A
273-C4,,,Rarified Air,SW6525,,,225,230,230,E1E6E6
178-C1,,,Icelandic,SW6526,,,203,216,225,CBD8E1
178-C2,,,Blissful Blue,SW6527,,,178,200,216,B2C8D8
178-C3,,,Cosmos,SW6528,,,142,169,194,8EA9C2
178-C5,,,Scanda,SW6529,,,107,140,169,6B8CA9
178-C6,,,Revel Blue,SW6530,,,76,107,138,4C6B8A
178-C7,,,Indigo,SW6531,,,40,74,112,284A70
186-C1,,,Mild Blue,SW6533,,,203,213,219,CBD5DB
186-C2,,,Icy,SW6534,,,187,199,210,BBC7D2
186-C3,,,Solitude,SW6535,,,153,167,184,99A7B8
186-C5,,,Searching Blue,SW6536,,,108,127,154,6C7F9A
186-C6,,,Luxe Blue,SW6537,,,81,101,130,516582
186-C7,,,Dignified,SW6538,,,59,73,109,3B496D
187-C1,,,Starry Night,SW6540,,,214,217,222,D6D9DE
187-C2,,,Daydream,SW6541,,,189,195,205,BDC3CD
187-C3,,,Vesper Violet,SW6542,,,153,160,178,99A0B2
187-C5,,,Soulful Blue,SW6543,,,117,124,145,757C91
187-C6,,,Mesmerize,SW6544,,,93,101,123,5D657B
187-C7,,,Majestic Purple,SW6545,,,59,60,90,3B3C5A
188-C1,,,Silver Peony,SW6547,,,218,214,219,DAD6DB
188-C2,,,Grape Mist,SW6548,,,197,192,201,C5C0C9
188-C3,,,Ash Violet,SW6549,,,162,155,170,A29BAA
188-C5,,,Mythical,SW6550,,,126,119,142,7E778E
188-C6,,,Purple Passage,SW6551,,,100,94,119,645E77
188-C7,,,Dewberry,SW6552,,,62,56,90,3E385A
189-C1,,,Lite Lavender,SW6554,,,224,218,223,E0DADF
189-C2,,,Enchant,SW6555,,,209,198,210,D1C6D2
189-C3,,,Obi Lilac,SW6556,,,176,163,182,B0A3B6
189-C5,,,Wood Violet,SW6557,,,122,107,133,7A6B85
189-C6,,,Plummy,SW6558,,,103,90,117,675A75
189-C7,,,Concord Grape,SW6559,,,68,55,87,443757
102-C1,,,Teaberry,SW6561,,,235,209,219,EBD1DB
102-C2,,,Irresistible,SW6562,,,227,192,207,E3C0CF
102-C3,,,Rosebay,SW6563,,,203,154,173,CB9AAD
102-C4,,,Red Clover,SW6564,,,184,126,147,B87E93
102-C5,,,Grandeur Plum,SW6565,,,146,87,111,92576F
103-C7,,,Framboise,SW6566,,,124,54,85,7C3655
103-C1,,,Lighthearted Pink,SW6568,,,237,213,221,EDD5DD
103-C2,,,Childlike,SW6569,,,232,192,207,E8C0CF
103-C3,,,Haute Pink,SW6570,,,216,153,177,D899B1
103-C4,,,Cyclamen,SW6571,,,196,123,149,C47B95
103-C5,,,Ruby Shade,SW6572,,,162,86,111,A2566F
103-C6,,,Juneberry,SW6573,,,133,65,88,854158
104-C1,,,Priscilla,SW6575,,,241,211,218,F1D3DA
104-C2,,,Azalea Flower,SW6576,,,239,192,203,EFC0CB
104-C3,,,Jaipur Pink,SW6577,,,227,146,161,E392A1
104-C4,,,Tuberose,SW6578,,,212,124,140,D47C8C
104-C5,,,Gala Pink,SW6579,,,176,75,99,B04B63
104-C7,,,Cerise,SW6580,,,153,50,78,99324E
105-C1,,,Impatiens Petal,SW6582,,,241,210,215,F1D2D7
105-C2,,,In the Pink,SW6583,,,240,188,201,F0BCC9
105-C3,,,Cheery,SW6584,,,235,146,163,EB92A3
105-C4,,,Coming up Roses,SW6585,,,221,119,136,DD7788
105-C6,,,Heartfelt,SW6586,,,189,76,95,BD4C5F
105-C7,,,Valentine,SW6587,,,165,58,78,A53A4E
106-C1,,,Alyssum,SW6589,,,242,213,215,F2D5D7
106-C2,,,Loveable,SW6590,,,240,193,198,F0C1C6
106-C3,,,Amaryllis,SW6591,,,237,147,157,ED939D
106-C4,,,Grenadine,SW6592,,,214,105,114,D66972
106-C5,,,Coral Bells,SW6593,,,187,75,81,BB4B51
106-C7,,,Poinsettia,SW6594,,,157,55,60,9D373C
107-C1,,,Bella Pink,SW6596,,,241,198,196,F1C6C4
107-C2,,,Hopeful,SW6597,,,240,179,178,F0B3B2
107-C3,,,Dishy Coral,SW6598,,,237,145,144,ED9190
107-C4,,,Begonia,SW6599,,,215,108,110,D76C6E
107-C5,,,Enticing Red,SW6600,,,183,78,79,B74E4F
107-C6,,,Tanager,SW6601,,,164,56,52,A43834
108-C1,,,Oleander,SW6603,,,242,204,197,F2CCC5
108-C2,,,Youthful Coral,SW6604,,,240,175,168,F0AFA8
108-C3,,,Charisma,SW6605,,,238,148,137,EE9489
108-C4,,,Coral Reef,SW6606,,,217,118,108,D9766C
108-C5,,,Red Tomato,SW6607,,,178,71,67,B24743
108-C6,,,Rave Red,SW6608,,,161,59,52,A13B34
117-C1,,,Koral Kicks,SW6610,,,242,209,195,F2D1C3
117-C2,,,Jovial,SW6611,,,242,184,167,F2B8A7
117-C3,,,Ravishing Coral,SW6612,,,231,149,128,E79580
117-C4,,,Lei Flower,SW6613,,,216,123,106,D87B6A
117-C5,,,Quite Coral,SW6614,,,199,99,86,C76356
117-C6,,,Peppery,SW6615,,,184,84,68,B85444
118-C1,,,Blushing,SW6617,,,240,209,195,F0D1C3
118-C2,,,Cosmetic Peach,SW6618,,,243,193,171,F3C1AB
118-C3,,,Sockeye,SW6619,,,228,151,128,E49780
118-C4,,,Rejuvenate,SW6620,,,221,120,97,DD7861
118-C5,,,Emotional,SW6621,,,198,95,71,C65F47
118-C6,,,Hearty Orange,SW6622,,,180,75,52,B44B34
119-C1,,,Peach Blossom,SW6624,,,243,208,189,F3D0BD
119-C2,,,Certain Peach,SW6625,,,242,189,162,F2BDA2
119-C3,,,Sunset,SW6626,,,226,148,111,E2946F
119-C4,,,Emberglow,SW6627,,,214,124,86,D67C56
119-C5,,,Robust Orange,SW6628,,,196,99,62,C4633E
119-C6,,,Jalapeno,SW6629,,,177,83,60,B1533C
120-C1,,,Naive Peach,SW6631,,,243,211,191,F3D3BF
120-C2,,,Neighborly Peach,SW6632,,,243,193,163,F3C1A3
120-C3,,,Inventive Orange,SW6633,,,232,157,111,E89D6F
120-C4,,,Copper Harbor,SW6634,,,213,126,82,D57E52
120-C5,,,Determined Orange,SW6635,,,197,102,57,C56639
120-C6,,,Husky Orange,SW6636,,,187,97,62,BB613E
121-C1,,,Flattering Peach,SW6638,,,244,211,179,F4D3B3
121-C2,,,Avid Apricot,SW6639,,,244,198,159,F4C69F
121-C4,,,Tangerine,SW6640,,,242,172,120,F2AC78
121-C5,,,Outgoing Orange,SW6641,,,230,149,95,E6955F
121-C6,,,Rhumba Orange,SW6642,,,203,120,65,CB7841
121-C7,,,Yam,SW6643,,,195,111,62,C36F3E
268-C3,,,Champagne,SW6644,,,242,227,206,F2E3CE
122-C1,,,Flan,SW6652,,,244,212,175,F4D4AF
122-C2,,,Delicious Melon,SW6653,,,245,200,148,F5C894
122-C3,,,Surprise Amber,SW6654,,,239,181,122,EFB57A
122-C4,,,Adventure Orange,SW6655,,,230,159,95,E69F5F
122-C5,,,Serape,SW6656,,,216,139,77,D88B4D
122-C6,,,Amber Wave,SW6657,,,210,130,64,D28240
268-C2,,,Welcome White,SW6658,,,243,227,202,F3E3CA
123-C1,,,Captivating Cream,SW6659,,,244,217,177,F4D9B1
123-C2,,,Honey Blush,SW6660,,,245,207,155,F5CF9B
123-C4,,,Papaya,SW6661,,,239,185,123,EFB97B
123-C5,,,Summer Day,SW6662,,,234,170,98,EAAA62
123-C6,,,Saffron Thread,SW6663,,,223,152,78,DF984E
123-C7,,,Marigold,SW6664,,,210,130,51,D28233
268-C1,,,Gardenia,SW6665,,,243,226,201,F3E2C9
132-C1,,,Enjoyable Yellow,SW6666,,,245,214,169,F5D6A9
132-C2,,,Afterglow,SW6667,,,246,205,142,F6CD8E
132-C3,,,Sunrise,SW6668,,,244,191,119,F4BF77
132-C5,,,Yarrow,SW6669,,,235,173,94,EBAD5E
132-C6,,,Gold Crest,SW6670,,,223,153,56,DF9938
132-C7,,,Curry,SW6671,,,216,143,50,D88F32
293-C1,,,Morning Sun,SW6672,,,243,230,206,F3E6CE
133-C1,,,Banana Cream,SW6673,,,245,222,175,F5DEAF
133-C2,,,Jonquil,SW6674,,,247,211,145,F7D391
133-C4,,,Afternoon,SW6675,,,251,203,120,FBCB78
133-C5,,,Butterfield,SW6676,,,247,190,91,F7BE5B
133-C6,,,Goldenrod,SW6677,,,242,175,70,F2AF46
133-C7,,,Sunflower,SW6678,,,227,154,51,E39A33
295-C2,,,Full Moon,SW6679,,,244,227,188,F4E3BC
135-C1,,,Friendly Yellow,SW6680,,,245,224,177,F5E0B1
135-C2,,,Butter Up,SW6681,,,246,221,163,F6DDA3
135-C4,,,June Day,SW6682,,,246,201,115,F6C973
135-C5,,,Bee,SW6683,,,241,186,85,F1BA55
135-C6,,,Brittlebush,SW6684,,,234,174,71,EAAE47
135-C7,,,Trinket,SW6685,,,214,152,53,D69835
295-C3,,,Lemon Chiffon,SW6686,,,245,229,188,F5E5BC
136-C1,,,Lantern Light,SW6687,,,244,225,174,F4E1AE
136-C2,,,Solaria,SW6688,,,245,214,143,F5D68F
136-C4,,,Overjoy,SW6689,,,238,194,95,EEC25F
136-C5,,,Gambol Gold,SW6690,,,225,176,71,E1B047
136-C6,,,Glitzy Gold,SW6691,,,214,160,43,D6A02B
136-C7,,,Auric,SW6692,,,196,137,25,C48919
269-C6,,,Lily,SW6693,,,243,232,194,F3E8C2
137-C1,,,Glad Yellow,SW6694,,,245,225,172,F5E1AC
137-C2,,,Midday,SW6695,,,247,215,138,F7D78A
137-C3,,,Quilt Gold,SW6696,,,234,195,101,EAC365
137-C4,,,Nugget,SW6697,,,219,176,74,DBB04A
137-C5,,,Kingdom Gold,SW6698,,,209,164,54,D1A436
137-C6,,,Crispy Gold,SW6699,,,196,152,50,C49832
269-C5,,,Daybreak,SW6700,,,243,234,198,F3EAC6
147-C1,,,Moonraker,SW6701,,,238,227,178,EEE3B2
147-C2,,,Lively Yellow,SW6702,,,230,216,142,E6D88E
147-C3,,,Frolic,SW6703,,,217,198,97,D9C661
147-C5,,,Hep Green,SW6704,,,196,177,70,C4B146
147-C6,,,High Strung,SW6705,,,172,152,37,AC9825
147-C7,,,Offbeat Green,SW6706,,,156,139,31,9C8B1F
148-C1,,,Springtime,SW6708,,,233,229,179,E9E5B3
148-C2,,,Gleeful,SW6709,,,218,215,144,DAD790
148-C4,,,Mlange Green,SW6710,,,196,196,118,C4C476
148-C5,,,Parakeet,SW6711,,,180,176,90,B4B05A
148-C6,,,Luau Green,SW6712,,,152,151,70,989746
148-C7,,,Verdant,SW6713,,,132,126,53,847E35
149-C1,,,Lime Granita,SW6715,,,220,225,184,DCE1B8
149-C2,,,Dancing Green,SW6716,,,197,205,143,C5CD8F
149-C3,,,Lime Rickey,SW6717,,,175,185,106,AFB96A
149-C5,,,Overt Green,SW6718,,,151,165,84,97A554
149-C6,,,Gecko,SW6719,,,122,136,51,7A8833
149-C7,,,Paradise,SW6720,,,108,123,48,6C7B30
151-C1,,,Cucumber,SW6722,,,211,223,195,D3DFC3
151-C2,,,Jardin,SW6723,,,189,208,171,BDD0AB
151-C4,,,Mesclun Green,SW6724,,,157,182,130,9DB682
151-C5,,,Pickle,SW6725,,,133,161,106,85A16A
151-C6,,,Talipot Palm,SW6726,,,100,129,73,648149
151-C7,,,Houseplant,SW6727,,,88,113,63,58713F
150-C1,,,Lacewing,SW6729,,,215,227,202,D7E3CA
150-C2,,,Romaine,SW6730,,,192,210,173,C0D2AD
150-C4,,,Picnic,SW6731,,,153,194,133,99C285
150-C5,,,Organic Green,SW6732,,,127,172,110,7FAC6E
150-C6,,,Grasshopper,SW6733,,,79,133,74,4F854A
150-C7,,,Espalier,SW6734,,,47,95,58,2F5F3A
152-C1,,,Jocular Green,SW6736,,,204,226,202,CCE2CA
152-C2,,,Kiwi,SW6737,,,174,210,176,AED2B0
152-C3,,,Vegan,SW6738,,,142,194,152,8EC298
152-C5,,,Eco Green,SW6739,,,104,166,120,68A678
152-C6,,,Kilkenny,SW6740,,,73,133,85,498555
152-C7,,,Derbyshire,SW6741,,,36,94,54,245E36
153-C1,,,Mint Condition,SW6743,,,209,227,210,D1E3D2
153-C2,,,Reclining Green,SW6744,,,183,215,191,B7D7BF
153-C4,,,Lark Green,SW6745,,,138,193,161,8AC1A1
153-C5,,,Julep,SW6746,,,87,170,128,57AA80
153-C6,,,Argyle,SW6747,,,52,138,93,348A5D
153-C7,,,Greens,SW6748,,,1,104,68,016844
271-C6,,,Embellished Blue,SW6749,,,215,235,226,D7EBE2
162-C1,,,Waterfall,SW6750,,,192,227,218,C0E3DA
162-C2,,,Refresh,SW6751,,,161,212,200,A1D4C8
162-C4,,,Larchmere,SW6752,,,112,186,167,70BAA7
162-C5,,,Jargon Jade,SW6753,,,83,163,143,53A38F
162-C6,,,Ionian,SW6754,,,54,137,118,368976
162-C7,,,Starboard,SW6755,,,1,108,79,016C4F
163-C1,,,Tame Teal,SW6757,,,193,230,223,C1E6DF
163-C2,,,Aqueduct,SW6758,,,161,213,203,A1D5CB
163-C4,,,Cooled Blue,SW6759,,,117,185,174,75B9AE
163-C5,,,Rivulet,SW6760,,,97,168,157,61A89D
163-C6,,,Thermal Spring,SW6761,,,59,140,128,3B8C80
163-C7,,,Poseidon,SW6762,,,1,109,96,016D60
164-C1,,,Swimming,SW6764,,,194,229,229,C2E5E5
164-C2,,,Spa,SW6765,,,167,220,220,A7DCDC
164-C4,,,Mariner,SW6766,,,110,194,196,6EC2C4
164-C5,,,Aquarium,SW6767,,,58,169,174,3AA9AE
164-C6,,,Gulfstream,SW6768,,,1,133,139,01858B
164-C7,,,Maxi Teal,SW6769,,,1,116,120,017478
165-C1,,,Bathe Blue,SW6771,,,194,224,227,C2E0E3
165-C2,,,Cay,SW6772,,,166,208,214,A6D0D6
165-C4,,,Rapture Blue,SW6773,,,125,193,203,7DC1CB
165-C5,,,Freshwater,SW6774,,,77,166,178,4DA6B2
165-C6,,,Briny,SW6775,,,8,128,142,08808E
165-C7,,,Blue Nile,SW6776,,,1,113,126,01717E
166-C1,,,Aviary Blue,SW6778,,,198,227,232,C6E3E8
166-C2,,,Liquid Blue,SW6779,,,166,212,222,A6D4DE
166-C4,,,Nautilus,SW6780,,,113,184,199,71B8C7
166-C5,,,Jamaica Bay,SW6781,,,52,163,182,34A3B6
166-C6,,,Cruising,SW6782,,,1,132,152,018498
166-C7,,,Amalfi,SW6783,,,1,110,133,016E85
272-C5,,,Bravo Blue,SW6784,,,211,231,233,D3E7E9
167-C1,,,Quench Blue,SW6785,,,180,224,231,B4E0E7
167-C2,,,Cloudless,SW6786,,,143,208,221,8FD0DD
167-C4,,,Fountain,SW6787,,,86,181,202,56B5CA
167-C5,,,Capri,SW6788,,,1,160,184,01A0B8
167-C6,,,Blue Mosque,SW6789,,,1,129,158,01819E
167-C7,,,Adriatic Sea,SW6790,,,1,96,129,016081
168-C1,,,Minor Blue,SW6792,,,183,223,232,B7DFE8
168-C2,,,Bluebell,SW6793,,,162,213,231,A2D5E7
168-C4,,,Flyway,SW6794,,,93,179,212,5DB3D4
168-C5,,,Major Blue,SW6795,,,40,158,196,289EC4
168-C6,,,Blue Plate,SW6796,,,1,124,167,017CA7
168-C7,,,Jay Blue,SW6797,,,1,93,135,015D87
272-C6,,,Iceberg,SW6798,,,214,228,231,D6E4E7
177-C1,,,Soar,SW6799,,,195,223,232,C3DFE8
177-C2,,,Something Blue,SW6800,,,176,214,230,B0D6E6
177-C4,,,Regale Blue,SW6801,,,125,181,211,7DB5D3
177-C5,,,Jacaranda,SW6802,,,90,158,192,5A9EC0
177-C6,,,Danube,SW6803,,,35,119,162,2377A2
177-C7,,,Dignity Blue,SW6804,,,9,76,115,094C73
179-C1,,,Rhythmic Blue,SW6806,,,204,219,229,CCDBE5
179-C2,,,Wondrous Blue,SW6807,,,184,205,221,B8CDDD
179-C3,,,Celestial,SW6808,,,151,179,208,97B3D0
179-C4,,,Lobelia,SW6809,,,116,152,190,7498BE
179-C6,,,Lupine,SW6810,,,78,115,159,4E739F
179-C7,,,Honorable Blue,SW6811,,,22,69,118,164576
180-C1,,,Wishful Blue,SW6813,,,216,221,230,D8DDE6
180-C2,,,Breathtaking,SW6814,,,199,209,226,C7D1E2
180-C4,,,Awesome Violet,SW6815,,,167,178,212,A7B2D4
180-C5,,,Dahlia,SW6816,,,139,152,196,8B98C4
180-C6,,,Gentian,SW6817,,,101,114,165,6572A5
180-C7,,,Valiant Violet,SW6818,,,62,67,113,3E4371
181-C1,,,Inspired Lilac,SW6820,,,223,217,228,DFD9E4
181-C2,,,Potentially Purple,SW6821,,,209,203,223,D1CBDF
181-C3,,,Wisteria,SW6822,,,189,180,212,BDB4D4
181-C5,,,Brave Purple,SW6823,,,150,141,184,968DB8
181-C6,,,Forget?Me?Not,SW6824,,,113,105,152,716998
181-C7,,,Izmir Purple,SW6825,,,77,66,110,4D426E
182-C1,,,Elation,SW6827,,,223,220,229,DFDCE5
182-C2,,,Rhapsody Lilac,SW6828,,,210,200,221,D2C8DD
182-C3,,,Magical,SW6829,,,192,175,208,C0AFD0
182-C5,,,Kismet,SW6830,,,161,138,183,A18AB7
182-C6,,,Clematis,SW6831,,,126,101,150,7E6596
182-C7,,,Impulsive Purple,SW6832,,,98,73,119,624977
183-C1,,,Spangle,SW6834,,,229,219,229,E5DBE5
183-C2,,,Euphoric Lilac,SW6835,,,218,199,218,DAC7DA
183-C3,,,Novel Lilac,SW6836,,,194,164,194,C2A4C2
183-C4,,,Baroness,SW6837,,,167,133,167,A785A7
183-C6,,,Vigorous Violet,SW6838,,,124,90,126,7C5A7E
183-C7,,,Kimono Violet,SW6839,,,93,57,95,5D395F
101-C1,,,Exuberant Pink,SW6840,,,181,77,127,B54D7F
102-C6,,,Dynamo,SW6841,,,149,61,104,953D68
102-C7,,,Forward Fuchsia,SW6842,,,146,52,91,92345B
104-C6,,,Hot,SW6843,,,172,67,98,AC4362
101-C2,,,Dragon Fruit,SW6855,,,204,97,127,CC617F
105-C5,,,Eros Pink,SW6860,,,200,79,104,C84F68
101-C4,,,Radish,SW6861,,,164,46,65,A42E41
101-C3,,,Cherries Jubilee,SW6862,,,171,60,81,AB3C51
101-C5,,,Heartthrob,SW6866,,,168,46,51,A82E33
101-C6,,,Real Red,SW6868,,,191,45,50,BF2D32
116-C1,,,Stop,SW6869,,,195,58,54,C33A36
101-C7,,,Positive Red,SW6871,,,173,44,52,AD2C34
268-C7,,,Comical Coral,SW6876,,,243,209,200,F3D1C8
118-C7,,,Cayenne,SW6881,,,192,77,53,C04D35
120-C7,,,Raucous Orange,SW6883,,,195,85,48,C35530
116-C2,,,Obstinate Orange,SW6884,,,215,85,42,D7552A
116-C3,,,Knockout Orange,SW6885,,,225,111,62,E16F3E
116-C4,,,Invigorate,SW6886,,,228,114,55,E47237
116-C5,,,Navel,SW6887,,,236,132,48,EC8430
116-C7,,,Osage Orange,SW6890,,,244,160,69,F4A045
116-C6,,,Carnival,SW6892,,,235,136,44,EB882C
295-C5,,,Sol,SW6896,,,247,221,161,F7DDA1
295-C4,,,Optimistic Yellow,SW6900,,,245,225,166,F5E1A6
269-C7,,,Daffodil,SW6901,,,250,217,122,FAD97A
131-C3,,,Decisive Yellow,SW6902,,,253,204,78,FDCC4E
134-C7,,,Cheerful,SW6903,,,255,199,35,FFC723
131-C1,,,Gusto Gold,SW6904,,,248,172,29,F8AC1D
131-C2,,,Goldfinch,SW6905,,,253,183,2,FDB702
131-C4,,,Forsythia,SW6907,,,255,200,1,FFC801
138-C4,,,Fun Yellow,SW6908,,,247,229,148,F7E594
131-C5,,,Lemon Twist,SW6909,,,254,217,93,FED95D
131-C6,,,Daisy,SW6910,,,254,211,64,FED340
131-C7,,,Confident Yellow,SW6911,,,254,203,1,FECB01
138-C5,,,Funky Yellow,SW6913,,,237,210,111,EDD26F
138-C6,,,Eye Catching,SW6914,,,221,184,53,DDB835
138-C7,,,Citronella,SW6915,,,203,169,1,CBA901
146-C1,,,Humorous Green,SW6918,,,198,184,54,C6B836
146-C2,,,Center Stage,SW6920,,,178,194,22,B2C216
146-C3,,,Electric Lime,SW6921,,,154,186,37,9ABA25
146-C4,,,Direct Green,SW6924,,,63,138,36,3F8A24
146-C5,,,Envy,SW6925,,,53,140,63,358C3F
146-C6,,,Lucky Green,SW6926,,,35,134,82,238652
146-C7,,,Greenbelt,SW6927,,,1,114,68,017244
270-C7,,,Green Vibes,SW6928,,,212,231,195,D4E7C3
271-C7,,,Tantalizing Teal,SW6937,,,135,220,206,87DCCE
161-C2,,,Nifty Turquoise,SW6941,,,1,145,135,019187
161-C3,,,Splashy,SW6942,,,1,145,150,019196
161-C4,,,Intense Teal,SW6943,,,1,118,128,017680
161-C5,,,Calypso,SW6950,,,1,176,187,01B0BB
272-C7,,,Undercool,SW6957,,,127,195,225,7FC3E1
161-C6,,,Dynamic Blue,SW6958,,,1,146,198,0192C6
176-C1,,,Blue Chip,SW6959,,,1,110,167,016EA7
161-C7,,,Hyper Blue,SW6965,,,1,95,151,015F97
176-C2,,,Blueblood,SW6966,,,1,80,134,015086
176-C3,,,Frank Blue,SW6967,,,34,82,136,225288
273-C7,,,Hyacinth Tint,SW6968,,,194,203,224,C2CBE0
176-C4,,,Morning Glory,SW6971,,,60,76,128,3C4C80
274-C7,,,Free Spirit,SW6973,,,202,178,210,CAB2D2
176-C7,,,Passionate Purple,SW6981,,,121,84,132,795484
176-C6,,,African Violet,SW6982,,,102,83,133,665385
176-C5,,,Fully Purple,SW6983,,,81,76,126,514C7E
161-C1,,,Jitterbug Jade,SW6987,,,1,157,110,019D6E
252-C6,,,Bohemian Black,SW6988,,,59,55,60,3B373C
252-C5,,,Domino,SW6989,,,53,51,55,353337
251-C2,,,Caviar,SW6990,,,49,48,49,313031
251-C3,,,Black Magic,SW6991,,,50,49,50,323132
251-C4,,,Inkwell,SW6992,,,49,54,58,31363A
251-C5,,,Black of Night,SW6993,,,50,54,57,323639
251-C6,,,Greenblack,SW6994,,,55,58,58,373A3A
260-C2,,,Ibis White,SW7000,,,242,236,230,F2ECE6
267-C1,,,Marshmallow,SW7001,,,238,233,224,EEE9E0
267-C3,,,Downy,SW7002,,,239,232,221,EFE8DD
256-C3,,,Toque White,SW7003,,,231,226,218,E7E2DA
256-C2,,,Snowbound,SW7004,,,237,234,229,EDEAE5
255-C1,,,Pure White,SW7005,,,237,236,230,EDECE6
257-C1,,,Extra White,SW7006,,,238,239,234,EEEFEA
257-C2,,,Ceiling Bright White,SW7007,,,233,235,231,E9EBE7
255-C2,,,Alabaster,SW7008,,,237,234,224,EDEAE0
254-C2,,,Pearly White,SW7009,,,232,227,217,E8E3D9
254-C5,,,White Duck,SW7010,,,229,223,210,E5DFD2
254-C6,,,Natural Choice,SW7011,,,227,222,208,E3DED0
261-C3,,,Creamy,SW7012,,,239,232,219,EFE8DB
254-C3,,,Ivory Lace,SW7013,,,236,229,216,ECE5D8
256-C5,,,Eider White,SW7014,,,226,222,216,E2DED8
244-C1,,,Repose Gray,SW7015,,,204,201,192,CCC9C0
244-C2,,,Mindful Gray,SW7016,,,188,183,173,BCB7AD
244-C3,,,Dorian Gray,SW7017,,,172,167,158,ACA79E
244-C5,,,Dovetail,SW7018,,,144,138,131,908A83
244-C6,,,Gauntlet Gray,SW7019,,,120,115,110,78736E
244-C7,,,Black Fox,SW7020,,,79,72,66,4F4842
260-C7,,,Simple White,SW7021,,,223,217,210,DFD9D2
241-C1,,,Alpaca,SW7022,,,204,197,189,CCC5BD
241-C2,,,Requisite Gray,SW7023,,,185,178,169,B9B2A9
241-C3,,,Functional Gray,SW7024,,,171,163,154,ABA39A
241-C5,,,Backdrop,SW7025,,,134,122,111,867A6F
241-C6,,,Griffin,SW7026,,,111,100,89,6F6459
241-C7,,,Hickory Smoke,SW7027,,,86,69,55,564537
256-C4,,,Incredible White,SW7028,,,227,222,215,E3DED7
243-C1,,,Agreeable Gray,SW7029,,,209,203,193,D1CBC1
243-C2,,,Anew Gray,SW7030,,,191,182,170,BFB6AA
243-C3,,,Mega Greige,SW7031,,,173,162,149,ADA295
243-C5,,,Warm Stone,SW7032,,,136,123,108,887B6C
243-C6,,,Brainstorm Bronze,SW7033,,,116,104,90,74685A
243-C7,,,Status Bronze,SW7034,,,92,77,60,5C4D3C
259-C4,,,Aesthetic White,SW7035,,,227,221,211,E3DDD3
249-C1,,,Accessible Beige,SW7036,,,209,199,184,D1C7B8
249-C2,,,Balanced Beige,SW7037,,,192,178,162,C0B2A2
249-C3,,,Tony Taupe,SW7038,,,177,162,144,B1A290
249-C5,,,Virtual Taupe,SW7039,,,138,122,106,8A7A6A
249-C6,,,Smokehouse,SW7040,,,113,99,84,716354
249-C7,,,Van Dyke Brown,SW7041,,,86,69,54,564536
254-C4,,,Shoji White,SW7042,,,230,223,211,E6DFD3
245-C1,,,Worldly Gray,SW7043,,,206,198,187,CEC6BB
245-C2,,,Amazing Gray,SW7044,,,190,181,169,BEB5A9
245-C3,,,Intellectual Gray,SW7045,,,168,160,147,A8A093
245-C5,,,Anonymous,SW7046,,,129,122,110,817A6E
245-C6,,,Porpoise,SW7047,,,107,100,91,6B645B
245-C7,,,Urbane Bronze,SW7048,,,84,80,74,54504A
258-C7,,,Nuance,SW7049,,,226,224,214,E2E0D6
246-C1,,,Useful Gray,SW7050,,,207,202,189,CFCABD
246-C2,,,Analytical Gray,SW7051,,,191,182,167,BFB6A7
246-C3,,,Gray Area,SW7052,,,175,166,150,AFA696
246-C5,,,Adaptive Shade,SW7053,,,134,126,112,867E70
246-C6,,,Oak Leaf Brown,SW7054,,,100,90,75,645A4B
246-C7,,,Enduring Bronze,SW7055,,,85,76,62,554C3E
258-C2,,,Reserved White,SW7056,,,224,224,217,E0E0D9
237-C1,,,Silver Strand,SW7057,,,200,203,196,C8CBC4
237-C2,,,Magnetic Gray,SW7058,,,178,181,175,B2B5AF
237-C3,,,Unusual Gray,SW7059,,,163,167,160,A3A7A0
237-C5,,,Attitude Gray,SW7060,,,124,125,117,7C7D75
237-C6,,,Night Owl,SW7061,,,99,101,95,63655F
278-C2,,,Rock Bottom,SW7062,,,72,76,73,484C49
257-C5,,,Nebulous White,SW7063,,,222,223,220,DEDFDC
236-C1,,,Passive,SW7064,,,203,204,201,CBCCC9
236-C2,,,Argos,SW7065,,,189,189,183,BDBDB7
236-C3,,,Gray Matters,SW7066,,,167,168,162,A7A8A2
236-C5,,,Cityscape,SW7067,,,127,129,126,7F817E
236-C6,,,Grizzle Gray,SW7068,,,99,101,98,636562
251-C7,,,Iron Ore,SW7069,,,67,67,65,434341
257-C7,,,Site White,SW7070,,,220,222,220,DCDEDC
235-C1,,,Gray Screen,SW7071,,,198,202,202,C6CACA
235-C2,,,Online,SW7072,,,176,181,181,B0B5B5
235-C3,,,Network Gray,SW7073,,,160,165,167,A0A5A7
235-C5,,,Software,SW7074,,,127,132,134,7F8486
235-C6,,,Web Gray,SW7075,,,97,102,105,616669
235-C7,,,Cyberspace,SW7076,,,68,72,77,44484D
274-C6,,,Original White,SW7077,,,226,222,219,E2DEDB
227-C1,,,Minute Mauve,SW7078,,,207,201,200,CFC9C8
227-C2,,,Ponder,SW7079,,,188,182,182,BCB6B6
227-C3,,,Quest Gray,SW7080,,,173,165,165,ADA5A5
227-C5,,,Sensuous Gray,SW7081,,,131,125,127,837D7F
227-C6,,,Stunning Shade,SW7082,,,103,96,100,676064
227-C7,,,Darkroom,SW7083,,,68,62,64,443E40
260-C1,,,Arcade White,SW7100,,,243,238,231,F3EEE7
267-C4,,,Futon,SW7101,,,237,230,219,EDE6DB
267-C2,,,White Flour,SW7102,,,244,239,229,F4EFE5
261-C1,,,Whitetail,SW7103,,,244,239,228,F4EFE4
265-C1,,,Cotton White,SW7104,,,247,239,227,F7EFE3
262-C1,,,Paperwhite,SW7105,,,247,239,222,F7EFDE
262-C2,,,Honied White,SW7106,,,248,238,219,F8EEDB
250-C5,,,Threshold Taupe,SW7501,,,172,154,138,AC9A8A
250-C6,,,Dry Dock,SW7502,,,161,141,125,A18D7D
283-C6,,,Sticks & Stones,SW7503,,,164,150,137,A49689
243-C4,,,Keystone Gray,SW7504,,,158,146,132,9E9284
240-C7,,,Manor House,SW7505,,,102,93,87,665D57
248-C2,,,Loggia,SW7506,,,196,183,165,C4B7A5
248-C3,,,Stone Lion,SW7507,,,179,164,145,B3A491
248-C6,,,Tavern Taupe,SW7508,,,156,138,121,9C8A79
250-C7,,,Tiki Hut,SW7509,,,130,111,94,826F5E
242-C7,,,Chateau Brown,SW7510,,,91,75,68,5B4B44
250-C2,,,Bungalow Beige,SW7511,,,205,191,176,CDBFB0
250-C4,,,Pavilion Beige,SW7512,,,197,182,164,C5B6A4
248-C5,,,Sanderling,SW7513,,,167,149,130,A79582
248-C7,,,Foothills,SW7514,,,130,116,102,827466
277-C5,,,Homestead Brown,SW7515,,,110,95,83,6E5F53
266-C5,,,Kestrel White,SW7516,,,224,214,200,E0D6C8
250-C1,,,Rivers Edge,SW7517,,,219,206,189,DBCEBD
288-C3,,,Beach House,SW7518,,,201,178,156,C9B29C
288-C4,,,Mexican Sand,SW7519,,,175,151,129,AF9781
277-C1,,,Plantation Shutters,SW7520,,,106,81,67,6A5143
288-C5,,,Dormer Brown,SW7521,,,173,148,124,AD947C
288-C6,,,Meadowlark,SW7522,,,159,130,103,9F8267
292-C7,,,Burnished Brandy,SW7523,,,124,92,67,7C5C43
250-C3,,,Dhurrie Beige,SW7524,,,202,186,168,CABAA8
288-C7,,,Tree Branch,SW7525,,,138,115,98,8A7362
288-C1,,,Maison Blanche,SW7526,,,223,210,191,DFD2BF
285-C2,,,Nantucket Dune,SW7527,,,208,191,170,D0BFAA
285-C5,,,Windsor Greige,SW7528,,,196,180,156,C4B49C
285-C1,,,Sand Beach,SW7529,,,212,197,173,D4C5AD
285-C4,,,Barcelona Beige,SW7530,,,196,179,156,C4B39C
261-C6,,,Canvas Tan,SW7531,,,220,209,191,DCD1BF
285-C3,,,Urban Putty,SW7532,,,207,192,171,CFC0AB
285-C6,,,Khaki Shade,SW7533,,,192,175,151,C0AF97
284-C4,,,Outerbanks,SW7534,,,183,164,139,B7A48B
284-C6,,,Sandy Ridge,SW7535,,,161,142,119,A18E77
292-C3,,,Bittersweet Stem,SW7536,,,203,180,154,CBB49A
265-C7,,,Irish Cream,SW7537,,,227,210,184,E3D2B8
289-C5,,,Tamarind,SW7538,,,192,165,136,C0A588
292-C4,,,Cork Wedge,SW7539,,,193,169,138,C1A98A
292-C6,,,Artisan Tan,SW7540,,,176,152,121,B09879
247-C1,,,Grecian Ivory,SW7541,,,216,207,190,D8CFBE
286-C3,,,Naturel,SW7542,,,203,192,173,CBC0AD
286-C4,,,Avenue Tan,SW7543,,,188,176,153,BCB099
210-C4,,,Fenland,SW7544,,,172,157,131,AC9D83
277-C6,,,Pier,SW7545,,,99,82,61,63523D
286-C5,,,Prairie Grass,SW7546,,,177,163,142,B1A38E
284-C2,,,Sandbar,SW7547,,,203,191,173,CBBFAD
284-C3,,,Portico,SW7548,,,187,171,149,BBAB95
284-C5,,,Studio Taupe,SW7549,,,173,156,133,AD9C85
284-C7,,,Resort Tan,SW7550,,,144,125,102,907D66
254-C1,,,Greek Villa,SW7551,,,240,236,226,F0ECE2
266-C6,,,Bauhaus Buff,SW7552,,,231,219,204,E7DBCC
265-C6,,,Fragile Beauty,SW7553,,,231,215,198,E7D7C6
266-C1,,,Steamed Milk,SW7554,,,236,225,209,ECE1D1
261-C7,,,Patience,SW7555,,,226,211,191,E2D3BF
262-C4,,,Creme,SW7556,,,244,232,210,F4E8D2
262-C3,,,Summer White,SW7557,,,244,233,214,F4E9D6
265-C2,,,Medici Ivory,SW7558,,,243,233,215,F3E9D7
262-C5,,,Decor White,SW7559,,,242,229,207,F2E5CF
293-C2,,,Impressive Ivory,SW7560,,,244,222,195,F4DEC3
295-C1,,,Lemon Meringue,SW7561,,,245,234,204,F5EACC
263-C1,,,Roman Column,SW7562,,,246,240,226,F6F0E2
263-C3,,,Restful White,SW7563,,,238,232,215,EEE8D7
263-C4,,,Polar Bear,SW7564,,,232,223,202,E8DFCA
286-C1,,,Oyster Bar,SW7565,,,219,208,187,DBD0BB
255-C3,,,Westhighland White,SW7566,,,243,238,227,F3EEE3
284-C1,,,Natural Tan,SW7567,,,220,210,195,DCD2C3
261-C5,,,Neutral Ground,SW7568,,,226,218,202,E2DACA
286-C2,,,Stucco,SW7569,,,220,207,186,DCCFBA
255-C4,,,Egret White,SW7570,,,223,217,207,DFD9CF
264-C4,,,Casa Blanca,SW7571,,,237,225,206,EDE1CE
264-C6,,,Lotus Pod,SW7572,,,231,215,194,E7D7C2
262-C7,,,Eaglet Beige,SW7573,,,233,217,192,E9D9C0
264-C7,,,Echelon Ecru,SW7574,,,231,216,190,E7D8BE
263-C7,,,Chopsticks,SW7575,,,224,209,184,E0D1B8
109-C7,,,Blackberry,SW7577,,,83,54,64,533640
276-C2,,,Borscht,SW7578,,,114,53,61,72353D
276-C1,,,Alaea,SW7579,,,129,88,91,81585B
276-C6,,,Carnelian,SW7580,,,87,62,62,573E3E
275-C2,,,Salute,SW7582,,,128,53,50,803532
275-C3,,,Wild Currant,SW7583,,,124,50,57,7C3239
276-C3,,,Red Theatre,SW7584,,,110,54,55,6E3637
275-C4,,,Sun Dried Tomato,SW7585,,,105,43,43,692B2B
275-C1,,,Stolen Kiss,SW7586,,,129,50,53,813235
107-C7,,,Antique Red,SW7587,,,159,68,66,9F4442
106-C6,,,Show Stopper,SW7588,,,164,46,55,A42E37
117-C7,,,Habanero Chile,SW7589,,,184,71,61,B8473D
275-C7,,,Red Barn,SW7591,,,124,69,61,7C453D
275-C5,,,Crabby Apple,SW7592,,,117,53,49,753531
275-C6,,,Rustic Red,SW7593,,,112,50,41,703229
276-C4,,,Carriage Door,SW7594,,,110,66,62,6E423E
276-C5,,,Sommelier,SW7595,,,93,55,54,5D3736
266-C7,,,Only Natural,SW7596,,,226,211,196,E2D3C4
125-C7,,,Sierra Redwood,SW7598,,,146,78,60,924E3C
119-C7,,,Brick Paver,SW7599,,,147,64,47,93402F
108-C7,,,Bolero,SW7600,,,144,57,52,903934
280-C1,,,Dockside Blue,SW7601,,,160,179,188,A0B3BC
224-C7,,,Indigo Batik,SW7602,,,62,80,99,3E5063
280-C3,,,Poolhouse,SW7603,,,128,149,160,8095A0
233-C7,,,Smoky Blue,SW7604,,,89,110,121,596E79
279-C3,,,Gale Force,SW7605,,,53,69,78,35454E
280-C4,,,Blue Cruise,SW7606,,,101,145,168,6591A8
279-C6,,,Santorini Blue,SW7607,,,65,109,131,416D83
280-C2,,,Adrift,SW7608,,,135,170,185,87AAB9
280-C5,,,Georgian Revival Blue,SW7609,,,91,141,159,5B8D9F
280-C6,,,Turkish Tile,SW7610,,,62,117,138,3E758A
281-C4,,,Tranquil Aqua,SW7611,,,124,154,160,7C9AA0
281-C5,,,Mountain Stream,SW7612,,,103,145,153,679199
281-C3,,,Aqua?Sphere,SW7613,,,156,176,179,9CB0B3
280-C7,,,St. Bart's,SW7614,,,87,124,136,577C88
234-C7,,,Sea Serpent,SW7615,,,62,75,84,3E4B54
281-C2,,,Breezy,SW7616,,,160,174,175,A0AEAF
281-C6,,,Mediterranean,SW7617,,,96,121,125,60797D
279-C5,,,Deep Sea Dive,SW7618,,,55,97,103,376167
281-C7,,,Labradorite,SW7619,,,101,123,131,657B83
279-C4,,,Seaworthy,SW7620,,,49,77,88,314D58
281-C1,,,Silvermist,SW7621,,,176,184,178,B0B8B2
238-C7,,,Homburg Gray,SW7622,,,102,109,105,666D69
279-C1,,,Cascades,SW7623,,,39,62,62,273E3E
233-C6,,,Slate Tile,SW7624,,,96,110,116,606E74
279-C2,,,Mount Etna,SW7625,,,61,72,76,3D484C
259-C2,,,Zurich White,SW7626,,,230,225,217,E6E1D9
259-C5,,,White Heron,SW7627,,,231,225,215,E7E1D7
259-C7,,,Windfresh White,SW7628,,,222,216,207,DED8CF
282-C7,,,Grapy,SW7629,,,120,110,112,786E70
252-C3,,,Raisin,SW7630,,,57,43,45,392B2D
259-C6,,,City Loft,SW7631,,,223,218,209,DFDAD1
283-C1,,,Modern Gray,SW7632,,,214,206,195,D6CEC3
248-C4,,,Taupe Tone,SW7633,,,173,160,144,ADA090
255-C5,,,Pediment,SW7634,,,211,204,196,D3CCC4
283-C7,,,Palisade,SW7635,,,170,158,149,AA9E95
259-C3,,,Origami White,SW7636,,,229,226,218,E5E2DA
254-C7,,,Oyster White,SW7637,,,226,221,208,E2DDD0
247-C2,,,Jogging Path,SW7638,,,192,185,169,C0B9A9
247-C4,,,Ethereal Mood,SW7639,,,174,165,148,AEA594
247-C5,,,Fawn Brindle,SW7640,,,167,160,148,A7A094
283-C2,,,Colonnade Gray,SW7641,,,198,192,182,C6C0B6
283-C5,,,Pavestone,SW7642,,,160,153,143,A0998F
283-C4,,,Pussywillow,SW7643,,,178,173,164,B2ADA4
247-C3,,,Gateway Gray,SW7644,,,178,172,156,B2AC9C
278-C1,,,Thunder Gray,SW7645,,,87,83,76,57534C
256-C6,,,First Star,SW7646,,,218,217,212,DAD9D4
255-C6,,,Crushed Ice,SW7647,,,214,211,204,D6D3CC
256-C7,,,Big Chill,SW7648,,,208,206,201,D0CEC9
239-C5,,,Silverplate,SW7649,,,194,192,186,C2C0BA
239-C6,,,Ellie Gray,SW7650,,,170,169,164,AAA9A4
239-C3,,,Front Porch,SW7651,,,204,204,197,CCCCC5
238-C4,,,Mineral Deposit,SW7652,,,171,176,172,ABB0AC
239-C1,,,Silverpointe,SW7653,,,209,210,203,D1D2CB
239-C2,,,Lattice,SW7654,,,206,206,198,CECEC6
239-C7,,,Stamped Concrete,SW7655,,,160,160,154,A0A09A
257-C4,,,Rhinestone,SW7656,,,222,224,222,DEE0DE
239-C4,,,Tinsmith,SW7657,,,197,200,196,C5C8C4
238-C3,,,Gray Clouds,SW7658,,,183,183,178,B7B7B2
238-C5,,,Gris,SW7659,,,165,169,168,A5A9A8
238-C6,,,Earl Grey,SW7660,,,150,154,150,969A96
233-C1,,,Reflection,SW7661,,,211,213,211,D3D5D3
233-C2,,,Evening Shadow,SW7662,,,201,204,205,C9CCCD
233-C3,,,Monorail Silver,SW7663,,,184,188,187,B8BCBB
233-C4,,,Steely Gray,SW7664,,,144,151,155,90979B
233-C5,,,Wall Street,SW7665,,,101,109,115,656D73
258-C3,,,Fleur de Sel,SW7666,,,220,221,216,DCDDD8
282-C1,,,Zircon,SW7667,,,202,201,198,CAC9C6
282-C3,,,March Wind,SW7668,,,186,185,182,BAB9B6
282-C5,,,Summit Gray,SW7669,,,149,148,145,959491
282-C6,,,Gray Shingle,SW7670,,,148,147,146,949392
255-C7,,,On the Rocks,SW7671,,,208,206,200,D0CEC8
282-C2,,,Knitting Needles,SW7672,,,195,193,188,C3C1BC
282-C4,,,Pewter Cast,SW7673,,,155,152,147,9B9893
236-C7,,,Peppercorn,SW7674,,,88,88,88,585858
277-C7,,,Sealskin,SW7675,,,72,66,60,48423C
294-C1,,,Paper Lantern,SW7676,,,242,224,196,F2E0C4
293-C5,,,Gold Vessel,SW7677,,,234,186,138,EABA8A
296-C2,,,Cottage Cream,SW7678,,,237,219,189,EDDBBD
293-C6,,,Golden Gate,SW7679,,,217,173,127,D9AD7F
293-C7,,,Lanyard,SW7680,,,192,153,114,C09972
294-C2,,,Tea Light,SW7681,,,248,228,194,F8E4C2
130-C3,,,Bee's Wax,SW7682,,,234,191,134,EABF86
296-C1,,,Buff,SW7683,,,241,223,193,F1DFC1
294-C4,,,Concord Buff,SW7684,,,237,214,177,EDD6B1
295-C6,,,White Raisin,SW7685,,,229,194,139,E5C28B
294-C3,,,Hinoki,SW7686,,,248,221,183,F8DDB7
294-C5,,,August Moon,SW7687,,,231,199,160,E7C7A0
289-C1,,,Sundew,SW7688,,,225,205,174,E1CDAE
292-C2,,,Row House Tan,SW7689,,,210,187,157,D2BB9D
292-C5,,,Townhall Tan,SW7690,,,195,170,140,C3AA8C
296-C4,,,Pale Yellow,SW7691,,,227,201,161,E3C9A1
295-C7,,,Cupola Yellow,SW7692,,,220,188,142,DCBC8E
294-C6,,,Stonebriar,SW7693,,,203,169,126,CBA97E
290-C2,,,Dromedary Camel,SW7694,,,202,173,135,CAAD87
294-C7,,,Mesa Tan,SW7695,,,189,156,119,BD9C77
296-C5,,,Toasted Pine Nut,SW7696,,,220,198,166,DCC6A6
296-C6,,,Safari,SW7697,,,204,177,139,CCB18B
296-C3,,,Straw Harvest,SW7698,,,219,200,162,DBC8A2
296-C7,,,Rustic City,SW7699,,,186,154,103,BA9A67
137-C7,,,Olde World Gold,SW7700,,,143,108,62,8F6C3E
290-C6,,,Cavern Clay,SW7701,,,172,107,83,AC6B53
290-C5,,,Spiced Cider,SW7702,,,176,120,92,B0785C
122-C7,,,Earthen Jug,SW7703,,,168,94,57,A85E39
289-C3,,,Tower Tan,SW7704,,,213,181,155,D5B59B
287-C6,,,Wheat Penny,SW7705,,,151,107,83,976B53
290-C7,,,Copper Wire,SW7707,,,198,123,87,C67B57
128-C7,,,Copper Pot,SW7709,,,177,106,55,B16A37
287-C7,,,Brandywine,SW7710,,,165,108,74,A56C4A
287-C2,,,Pueblo,SW7711,,,230,208,189,E6D0BD
287-C3,,,Townhouse Tan,SW7712,,,223,200,181,DFC8B5
287-C4,,,Tawny Tan,SW7713,,,204,178,153,CCB299
289-C4,,,Oak Barrel,SW7714,,,191,162,135,BFA287
287-C5,,,Pottery Urn,SW7715,,,170,134,110,AA866E
289-C2,,,Croissant,SW7716,,,219,197,167,DBC5A7
290-C1,,,Ligonier Tan,SW7717,,,210,177,143,D2B18F
290-C4,,,Oak Creek,SW7718,,,187,141,107,BB8D6B
288-C2,,,Fresco Cream,SW7719,,,216,196,174,D8C4AE
290-C3,,,Deer Valley,SW7720,,,199,164,133,C7A485
293-C4,,,Crescent Cream,SW7721,,,237,209,177,EDD1B1
293-C3,,,Travertine,SW7722,,,236,211,179,ECD3B3
292-C1,,,Colony Buff,SW7723,,,221,198,171,DDC6AB
289-C6,,,Canoe,SW7724,,,183,152,123,B7987B
289-C7,,,Yearling,SW7725,,,173,137,106,AD896A
297-C4,,,Lemon Verbena,SW7726,,,157,152,111,9D986F
298-C2,,,Koi Pond,SW7727,,,185,178,146,B9B292
298-C4,,,Green Sprout,SW7728,,,162,159,128,A29F80
297-C6,,,Edamame,SW7729,,,130,124,90,827C5A
278-C5,,,Forestwood,SW7730,,,77,83,70,4D5346
285-C7,,,San Antonio Sage,SW7731,,,166,148,116,A69474
297-C1,,,Lemongrass,SW7732,,,200,189,152,C8BD98
297-C3,,,Bamboo Shoot,SW7733,,,179,164,121,B3A479
297-C5,,,Olive Grove,SW7734,,,133,124,93,857C5D
278-C7,,,Palm Leaf,SW7735,,,99,89,54,635936
297-C2,,,Garden Sage,SW7736,,,177,165,132,B1A584
286-C7,,,Meadow Trail,SW7737,,,141,129,104,8D8168
298-C1,,,Cargo Pants,SW7738,,,205,196,174,CDC4AE
298-C7,,,Herbal Wash,SW7739,,,164,155,130,A49B82
297-C7,,,Messenger Bag,SW7740,,,125,116,94,7D745E
298-C5,,,Willow Tree,SW7741,,,170,173,156,AAAD9C
158-C4,,,Agate Green,SW7742,,,142,164,134,8EA486
247-C7,,,Mountain Road,SW7743,,,134,133,120,868578
286-C6,,,Zeus,SW7744,,,153,144,126,99907E
211-C7,,,Muddled Basil,SW7745,,,90,82,67,5A5243
247-C6,,,Rushing River,SW7746,,,161,156,143,A19C8F
298-C3,,,Recycled Glass,SW7747,,,189,192,160,BDC0A0
298-C6,,,Green Earth,SW7748,,,154,152,131,9A9883
237-C7,,,Laurel Woods,SW7749,,,68,73,61,44493D
278-C4,,,Olympic Range,SW7750,,,66,76,68,424C44
256-C1,,,High Reflective White,SW7757,,,247,247,241,F7F7F1
264-C1,,,Shell White,SW8917,,,240,235,224,F0EBE0
110-C4,,,Audrey's Blush,SW9001,,,174,128,135,AE8087
111-C4,,,Carley's Rose,SW9002,,,168,115,118,A87376
112-C4,,,Rita's Rouge,SW9003,,,186,113,118,BA7176
113-C4,,,Coral Rose,SW9004,,,195,127,122,C37F7A
114-C4,,,Coral Clay,SW9005,,,191,121,110,BF796E
115-C4,,,Rojo Dust,SW9006,,,181,116,102,B57466
121-C3,,,Melon Meloso,SW9007,,,242,184,140,F2B88C
123-C3,,,Bellini Fizz,SW9008,,,245,199,142,F5C78E
124-C4,,,Subdued Sienna,SW9009,,,204,137,108,CC896C
126-C3,,,Windswept Canyon,SW9010,,,219,164,128,DBA480
127-C3,,,Sun Bleached Ochre,SW9011,,,227,171,123,E3AB7B
129-C3,,,Polvo de Oro,SW9012,,,232,184,127,E8B87F
132-C4,,,Olden Amber,SW9013,,,238,183,107,EEB76B
133-C3,,,Pollen Powder,SW9014,,,251,209,135,FBD187
134-C1,,,They call it Mellow,SW9015,,,251,228,179,FBE4B3
134-C2,,,La Luna Amarilla,SW9016,,,253,223,160,FDDFA0
134-C3,,,Sunny Veranda,SW9017,,,254,223,148,FEDF94
134-C4,,,Honey Bees,SW9018,,,251,214,130,FBD682
134-C5,,,Golden Plumeria,SW9019,,,251,208,115,FBD073
134-C6,,,Rayo de Sol,SW9020,,,244,196,84,F4C454
135-C3,,,Naples Yellow,SW9021,,,246,213,143,F6D58F
136-C3,,,Yellow Bird,SW9022,,,241,205,123,F1CD7B
139-C3,,,Dakota Wheat,SW9023,,,225,189,142,E1BD8E
140-C4,,,Vintage Gold,SW9024,,,203,165,118,CBA576
141-C4,,,Coriander Powder,SW9025,,,186,156,117,BA9C75
142-C3,,,Tarnished Trumpet,SW9026,,,213,177,118,D5B176
143-C2,,,Pale Moss,SW9027,,,220,199,151,DCC797
144-C3,,,Dusted Olive,SW9028,,,190,167,117,BEA775
145-C3,,,Cool Avocado,SW9029,,,196,180,125,C4B47D
147-C4,,,Limon Fresco,SW9030,,,206,188,85,CEBC55
148-C3,,,Primavera,SW9031,,,210,208,131,D2D083
149-C4,,,Stay in Lime,SW9032,,,159,172,92,9FAC5C
150-C3,,,Oh Pistachio,SW9033,,,171,202,153,ABCA99
151-C3,,,Seawashed Glass,SW9034,,,169,192,149,A9C095
152-C4,,,Frosted Emerald,SW9035,,,120,177,133,78B185
153-C3,,,Retro Mint,SW9036,,,159,205,177,9FCDB1
154-C3,,,Baby Bok Choy,SW9037,,,187,185,138,BBB98A
155-C4,,,Cucuzza Verde,SW9038,,,155,163,115,9BA373
156-C4,,,Broccoflower,SW9039,,,143,162,119,8FA277
157-C4,,,Reseda Green,SW9040,,,117,148,107,75946B
159-C4,,,Parisian Patina,SW9041,,,125,155,137,7D9B89
160-C4,,,Verdigreen,SW9042,,,129,165,149,81A595
162-C3,,,Aquastone,SW9043,,,137,198,183,89C6B7
163-C3,,,Little Blue Box,SW9044,,,138,197,186,8AC5BA
164-C3,,,Bora Bora Shore,SW9045,,,146,208,208,92D0D0
165-C3,,,Gentle Aquamarine,SW9046,,,151,203,210,97CBD2
166-C3,,,After the Rain,SW9047,,,139,196,209,8BC4D1
167-C3,,,Surfin',SW9048,,,115,192,210,73C0D2
168-C3,,,Sky Fall,SW9049,,,137,198,223,89C6DF
169-C3,,,Vintage Vessel,SW9050,,,148,178,166,94B2A6
170-C3,,,Aquaverde,SW9051,,,163,192,189,A3C0BD
171-C3,,,Blithe Blue,SW9052,,,144,189,189,90BDBD
172-C3,,,Agua Fria,SW9053,,,159,197,204,9FC5CC
173-C1,,,Little Boy Blu,SW9054,,,199,216,219,C7D8DB
173-C2,,,Billowy Breeze,SW9055,,,175,199,205,AFC7CD
173-C3,,,French Moire,SW9056,,,159,187,195,9FBBC3
173-C4,,,Aquitaine,SW9057,,,136,171,180,88ABB4
173-C5,,,Secret Cove,SW9058,,,104,144,157,68909D
173-C6,,,Silken Peacock,SW9059,,,66,117,132,427584
173-C7,,,Connor's Lakefront,SW9060,,,23,90,108,175A6C
174-C3,,,Rest Assured,SW9061,,,155,191,201,9BBFC9
175-C4,,,Bluebird Feather,SW9062,,,111,157,179,6F9DB3
177-C3,,,Porch Ceiling,SW9063,,,155,200,222,9BC8DE
178-C4,,,Bluesy Note,SW9064,,,124,154,181,7C9AB5
179-C5,,,Perfect Periwinkle,SW9065,,,100,135,176,6487B0
180-C3,,,Agapanthus,SW9066,,,187,197,222,BBC5DE
181-C4,,,Forever Lilac,SW9067,,,175,165,199,AFA5C7
182-C4,,,Berry Frappe,SW9068,,,179,161,198,B3A1C6
183-C5,,,Veri Berri,SW9069,,,147,116,150,937496
184-C4,,,Baby Blue Eyes,SW9070,,,131,162,180,83A2B4
185-C4,,,Dyer's Woad,SW9071,,,123,153,176,7B99B0
186-C4,,,Dried Lavender,SW9072,,,133,149,170,8595AA
187-C4,,,Dusty Heather,SW9073,,,137,144,163,8990A3
188-C4,,,Gentle Grape,SW9074,,,144,138,155,908A9B
189-C4,,,Berry Cream,SW9075,,,154,140,162,9A8CA2
190-C4,,,Ruby Violet,SW9076,,,155,126,139,9B7E8B
191-C4,,,Rosaline Pearl,SW9077,,,163,136,135,A38887
192-C4,,,Cocoa Berry,SW9078,,,160,136,130,A08882
193-C4,,,Velvety Chestnut,SW9079,,,162,135,125,A2877D
194-C4,,,Hushed Auburn,SW9080,,,168,133,122,A8857A
195-C4,,,Redend Point,SW9081,,,174,142,126,AE8E7E
196-C4,,,Chocolate Powder,SW9082,,,165,140,123,A58C7B
197-C4,,,Dusted Truffle,SW9083,,,156,131,115,9C8373
198-C4,,,Cocoa Whip,SW9084,,,160,142,126,A08E7E
199-C1,,,Touch of Sand,SW9085,,,213,199,186,D5C7BA
199-C2,,,Cool Beige,SW9086,,,198,181,167,C6B5A7
199-C3,,,Smoky Beige,SW9087,,,185,167,150,B9A796
199-C4,,,Utaupeia,SW9088,,,165,143,123,A58F7B
199-C5,,,Llama Wool,SW9089,,,145,120,100,917864
199-C6,,,Carabe,SW9090,,,120,95,76,785F4C
199-C7,,,Half?Caff,SW9091,,,96,76,61,604C3D
200-C4,,,Iced Mocha,SW9092,,,163,132,108,A3846C
201-C4,,,Nearly Brown,SW9093,,,168,142,118,A88E76
202-C1,,,Playa Arenosa,SW9094,,,220,199,179,DCC7B3
202-C2,,,Ginger Root,SW9095,,,210,183,158,D2B79E
202-C3,,,Beige Intenso,SW9096,,,197,168,141,C5A88D
202-C4,,,Soft Fawn,SW9097,,,181,151,120,B59778
202-C5,,,Baked Cookie,SW9098,,,137,103,74,89674A
202-C6,,,Saddle Up,SW9099,,,114,82,55,725237
202-C7,,,Umber Rust,SW9100,,,118,81,56,765138
203-C1,,,Tres Naturale,SW9101,,,220,199,173,DCC7AD
203-C2,,,Quinoa,SW9102,,,207,181,151,CFB597
203-C3,,,Farro,SW9103,,,193,164,133,C1A485
203-C4,,,Woven Wicker,SW9104,,,185,153,116,B99974
203-C5,,,Almond Roca,SW9105,,,167,131,97,A78361
203-C6,,,El Caramelo,SW9106,,,148,110,72,946E48
203-C7,,,Uber Umber,SW9107,,,123,88,56,7B5838
204-C4,,,Double Latte,SW9108,,,167,140,113,A78C71
205-C1,,,Natural Linen,SW9109,,,223,211,195,DFD3C3
205-C2,,,Malabar,SW9110,,,207,190,169,CFBEA9
205-C3,,,Antler Velvet,SW9111,,,192,173,150,C0AD96
205-C4,,,Song Thrush,SW9112,,,175,152,127,AF987F
205-C5,,,Mudslide,SW9113,,,160,133,104,A08568
205-C6,,,Fallen Leaves,SW9114,,,143,118,89,8F7659
205-C7,,,Cowboy Boots,SW9115,,,105,82,57,695239
206-C4,,,Serengeti Grass,SW9116,,,171,149,121,AB9579
207-C4,,,Urban Jungle,SW9117,,,164,148,126,A4947E
208-C4,,,Tarnished Treasure,SW9118,,,185,164,126,B9A47E
209-C1,,,Dirty Martini,SW9119,,,221,208,182,DDD0B6
209-C2,,,Tumblin' Tumbleweed,SW9120,,,205,187,156,CDBB9C
209-C3,,,Sawgrass Basket,SW9121,,,195,176,144,C3B090
209-C4,,,Dried Edamame,SW9122,,,177,159,128,B19F80
209-C5,,,Barro Verde,SW9123,,,159,142,113,9F8E71
209-C6,,,Verde Marron,SW9124,,,135,116,89,877459
209-C7,,,Oliva Oscuro,SW9125,,,102,84,57,665439
211-C4,,,Honed Soapstone,SW9126,,,157,152,135,9D9887
212-C4,,,At Ease Soldier,SW9127,,,158,153,133,9E9985
213-C4,,,Green Onyx,SW9128,,,152,154,130,989A82
214-C4,,,Jade Dragon,SW9129,,,144,152,134,909886
215-C4,,,Evergreen Fog,SW9130,,,149,151,138,95978A
216-C4,,,Cornwall Slate,SW9131,,,148,148,136,949488
217-C4,,,Acacia Haze,SW9132,,,150,156,146,969C92
218-C4,,,Jasper Stone,SW9133,,,141,158,151,8D9E97
219-C4,,,Delft,SW9134,,,139,159,160,8B9FA0
220-C4,,,Whirlpool,SW9135,,,128,150,157,80969D
221-C1,,,Lullaby,SW9136,,,203,212,212,CBD4D4
221-C2,,,Niebla Azul,SW9137,,,182,195,196,B6C3C4
221-C3,,,Stardew,SW9138,,,166,178,181,A6B2B5
221-C4,,,Debonair,SW9139,,,144,160,166,90A0A6
221-C5,,,Blustery Sky,SW9140,,,111,132,140,6F848C
221-C6,,,Waterloo,SW9141,,,83,104,114,536872
221-C7,,,Moscow Midnight,SW9142,,,32,70,82,204652
222-C4,,,Cadet,SW9143,,,145,153,156,91999C
223-C1,,,Moonmist,SW9144,,,201,217,224,C9D9E0
223-C2,,,Sleepy Hollow,SW9145,,,183,201,209,B7C9D1
223-C3,,,Faded Flaxflower,SW9146,,,158,180,192,9EB4C0
223-C4,,,Favorite Jeans,SW9147,,,138,163,177,8AA3B1
223-C5,,,Smoky Azurite,SW9148,,,112,141,158,708D9E
223-C6,,,Inky Blue,SW9149,,,78,114,135,4E7287
223-C7,,,Endless Sea,SW9150,,,50,88,110,32586E
224-C4,,,Daphne,SW9151,,,137,156,170,899CAA
225-C4,,,Let it Rain,SW9152,,,151,159,165,979FA5
226-C4,,,Moonlit Orchid,SW9153,,,148,145,148,949194
226-C7,,,Perle Noir,SW9154,,,79,77,81,4F4D51
227-C4,,,Slate Violet,SW9155,,,152,145,146,989192
228-C4,,,Gris Morado,SW9156,,,143,138,145,8F8A91
229-C4,,,Autumn Orchid,SW9157,,,157,144,147,9D9093
230-C4,,,Coquina,SW9158,,,157,141,142,9D8D8E
231-C4,,,Auger Shell,SW9159,,,159,146,145,9F9291
232-C4,,,Armadillo,SW9160,,,158,144,137,9E9089
234-C4,,,Dustblu,SW9161,,,149,155,160,959BA0
235-C4,,,African Gray,SW9162,,,147,152,153,939899
236-C4,,,Tin Lizzie,SW9163,,,147,149,145,939591
237-C4,,,Illusive Green,SW9164,,,146,148,141,92948D
238-C1,,,Gossamer Veil,SW9165,,,211,206,196,D3CEC4
238-C2,,,Drift of Mist,SW9166,,,220,216,208,DCD8D0
240-C4,,,Polished Concrete,SW9167,,,158,151,147,9E9793
241-C4,,,Elephant Ear,SW9168,,,152,143,133,988F85
242-C4,,,Chatura Gray,SW9169,,,160,146,135,A09287
244-C4,,,Acier,SW9170,,,158,153,145,9E9991
245-C4,,,Felted Wool,SW9171,,,151,144,131,979083
246-C4,,,Studio Clay,SW9172,,,149,141,127,958D7F
248-C1,,,Shiitake,SW9173,,,200,188,171,C8BCAB
249-C4,,,Moth Wing,SW9174,,,160,144,127,A0907F
252-C4,,,Deep Forest Brown,SW9175,,,57,52,55,393437
253-C1,,,Dress Blues,SW9176,,,43,67,96,2B4360
253-C2,,,Salty Dog,SW9177,,,35,64,88,234058
253-C3,,,In the Navy,SW9178,,,40,56,73,283849
253-C7,,,Anchors Aweigh,SW9179,,,43,52,65,2B3441
261-C4,,,Aged White,SW9180,,,232,222,205,E8DECD
277-C2,,,Rojo Marron,SW9182,,,75,48,41,4B3029
277-C4,,,Dark Clove,SW9183,,,76,61,49,4C3D31
278-C3,,,Foxhall Green,SW9184,,,69,75,64,454B40
279-C7,,,Marea Baja,SW9185,,,46,84,100,2E5464
291-C4,,,Caramelized,SW9186,,,194,152,113,C29871
